numObj,10
rangeIdx,[15 16 17 31  9 15 16 31 31 31]
range,"[0.703125 0.75     0.796875 1.453125 0.421875 0.703125 0.75     1.453125
 1.453125 1.453125]"
dopplerIdx,[ 0  0  0  0 -4 -1 -1 -1  0 -1]
doppler,"[ 0.          0.          0.          0.         -0.50104217 -0.12526054
 -0.12526054 -0.12526054  0.         -0.12526054]"
peakVal,[15 16  8  7 21 26 29 12  6 10]
x,"[-0.02148438  0.          0.          0.40820312  0.2109375  -0.02148438
 -0.0234375   0.45507812 -0.13671875 -0.09179688]"
y,"[0.66796875 0.71484375 0.76171875 1.15625    0.078125   0.68554688
 0.73242188 1.16210938 1.27929688 1.15039062]"
z,"[ 0.21875     0.23046875  0.234375    0.77929688 -0.35742188  0.15625
  0.16015625  0.74609375 -0.67382812 -0.8828125 ]"
