numObj,17
rangeIdx,[21 22  8  9 20 21 22  8  9 21  9  8  9  8  9 12 12]
range,"[0.984375 1.03125  0.375    0.421875 0.9375   0.984375 1.03125  0.375
 0.421875 0.984375 0.421875 0.375    0.421875 0.375    0.421875 0.5625
 0.5625  ]"
dopplerIdx,[ 0  0  1  1  1  1  1  2  2  2 -3 -2 -2 -1 -1 -1 -1]
doppler,"[ 0.          0.          0.12526054  0.12526054  0.12526054  0.12526054
  0.12526054  0.25052108  0.25052108  0.25052108 -0.37578163 -0.25052108
 -0.25052108 -0.12526054 -0.12526054 -0.12526054 -0.12526054]"
peakVal,[ 20  13 173 196  34  53  35  64  74  20  11  51  58 145 165  14  13]
x,"[-0.0625     -0.12890625  0.03515625  0.05273438 -0.05859375 -0.0625
 -0.09765625  0.046875    0.05273438 -0.09179688  0.06640625  0.046875
  0.05273438  0.046875    0.05273438  0.19335938  0.01757812]"
y,"[0.95898438 0.9765625  0.36132812 0.40625    0.8828125  0.9453125
 0.98632812 0.35546875 0.40039062 0.92578125 0.41601562 0.37109375
 0.41796875 0.36914062 0.4140625  0.         0.37695312]"
z,"[ 0.21679688  0.3046875   0.09179688  0.10351562  0.30859375  0.26757812
  0.2890625   0.10742188  0.12304688  0.32226562  0.          0.03125
  0.03515625  0.04882812  0.05859375 -0.55273438  0.41601562]"
