numObj,13
rangeIdx,[ 8  9 10  8  9  8  9  8  9 10 10  9 10]
range,"[0.375    0.421875 0.46875  0.375    0.421875 0.375    0.421875 0.375
 0.421875 0.46875  0.46875  0.421875 0.46875 ]"
dopplerIdx,[ 1  1  1  2  2 -2 -2 -1 -1 -1  1  2 -1]
doppler,"[ 0.12526054  0.12526054  0.12526054  0.25052108  0.25052108 -0.25052108
 -0.25052108 -0.12526054 -0.12526054 -0.12526054  0.12526054  0.25052108
 -0.12526054]"
peakVal,[49 57 23 16 19 14 16 42 49 18 17 10 12]
x,"[ 0.          0.         -0.015625    0.          0.          0.
  0.          0.          0.          0.          0.14648438  0.1328125
  0.16210938]"
y,"[0.375      0.41992188 0.4609375  0.37304688 0.41796875 0.37304688
 0.421875   0.375      0.421875   0.46875    0.27929688 0.25195312
 0.16015625]"
z,"[ 0.02734375  0.0390625   0.08203125  0.03125     0.0625     -0.04296875
 -0.02148438  0.          0.00390625  0.01953125 -0.34765625 -0.3125
 -0.41015625]"
