numObj,17
rangeIdx,[ 8  9 12 13  8  9 12  9 12 13  9 12 13 12  9 12 13]
range,"[0.375    0.421875 0.5625   0.609375 0.375    0.421875 0.5625   0.421875
 0.5625   0.609375 0.421875 0.5625   0.609375 0.5625   0.421875 0.5625
 0.609375]"
dopplerIdx,[ 1  1  1  1  2  2 -2 -1 -1 -1  1  1  1 -2 -1 -1 -1]
doppler,"[ 0.12526054  0.12526054  0.12526054  0.12526054  0.25052108  0.25052108
 -0.25052108 -0.12526054 -0.12526054 -0.12526054  0.12526054  0.12526054
  0.12526054 -0.25052108 -0.12526054 -0.12526054 -0.12526054]"
peakVal,[55 63 16 16 18 21  7 70 23 25 33 16  9  5 42 12 13]
x,"[ 0.1171875   0.1328125  -0.31640625 -0.38085938  0.10546875  0.11914062
 -0.33398438  0.1328125  -0.33398438 -0.36132812 -0.02734375 -0.28125
 -0.171875    0.54492188 -0.02734375 -0.05273438 -0.171875  ]"
y,"[0.34765625 0.390625   0.44726562 0.4609375  0.34765625 0.38671875
 0.4453125  0.3984375  0.44335938 0.48632812 0.37890625 0.4765625
 0.47460938 0.         0.37695312 0.421875   0.37109375]"
z,"[ 0.07617188  0.09179688  0.125       0.1171875   0.09570312  0.11914062
  0.0859375   0.04492188  0.09570312  0.05664062 -0.18554688  0.09765625
 -0.34375    -0.54101562 -0.18945312  0.36914062 -0.453125  ]"
