numObj,29
rangeIdx,"[ 8  9 28 29  8  9 12 28 29  8  9  8  9  8  9  8  9 10 28 29  8  9 10 12
 28 29 30 12 12]"
range,"[0.375    0.421875 1.3125   1.359375 0.375    0.421875 0.5625   1.3125
 1.359375 0.375    0.421875 0.375    0.421875 0.375    0.421875 0.375
 0.421875 0.46875  1.3125   1.359375 0.375    0.421875 0.46875  0.5625
 1.3125   1.359375 1.40625  0.5625   0.5625  ]"
dopplerIdx,"[ 0  0  0  0  1  1  1  1  1  2  2  3  3 -3 -3 -2 -2 -2 -2 -2 -1 -1 -1 -1
 -1 -1 -1  1 -1]"
doppler,"[ 0.          0.          0.          0.          0.12526054  0.12526054
  0.12526054  0.12526054  0.12526054  0.25052108  0.25052108  0.37578163
  0.37578163 -0.37578163 -0.37578163 -0.25052108 -0.25052108 -0.25052108
 -0.25052108 -0.25052108 -0.12526054 -0.12526054 -0.12526054 -0.12526054
 -0.12526054 -0.12526054 -0.12526054  0.12526054 -0.12526054]"
peakVal,"[ 27  31   8   9 194 224  26  13  14  67  77  12  13  10  12  49  56  20
  10  11 150 171  61  20  27  29  16  20  14]"
x,"[0.08203125 0.09179688 0.45117188 0.42578125 0.08203125 0.09179688
 0.140625   0.41015625 0.50976562 0.0703125  0.08007812 0.05859375
 0.06640625 0.08203125 0.09179688 0.08203125 0.09179688 0.10351562
 0.45117188 0.46679688 0.08203125 0.09179688 0.10351562 0.15820312
 0.45117188 0.46679688 0.52734375 0.31640625 0.31640625]"
y,"[0.36132812 0.40625    1.203125   1.27148438 0.35546875 0.40039062
 0.54296875 1.17382812 1.20507812 0.3515625  0.39453125 0.34765625
 0.390625   0.36523438 0.41210938 0.36523438 0.41015625 0.45507812
 1.20507812 1.2734375  0.36328125 0.40820312 0.45117188 0.5390625
 1.2109375  1.25976562 1.30273438 0.37304688 0.4140625 ]"
z,"[ 0.05859375  0.06640625  0.26953125  0.22460938  0.0859375   0.09765625
  0.046875    0.41796875  0.37109375  0.11328125  0.12890625  0.12890625
  0.14648438  0.00195312 -0.01171875  0.01757812  0.02734375  0.0390625
  0.26171875  0.08007812  0.04296875  0.04882812  0.07226562  0.00195312
  0.234375    0.20507812  0.06445312  0.27734375  0.2109375 ]"
