numObj,8
rangeIdx,[12 13 12 13 12 13 12 13]
range,[0.5625   0.609375 0.5625   0.609375 0.5625   0.609375 0.5625   0.609375]
dopplerIdx,[ 1  1 -1 -1  1  1 -1 -1]
doppler,"[ 0.12526054  0.12526054 -0.12526054 -0.12526054  0.12526054  0.12526054
 -0.12526054 -0.12526054]"
peakVal,[15 12 12 17 12 11 11 10]
x,"[ 0.3515625  -0.4375      0.54492188 -0.4375      0.54492188  0.38085938
 -0.36914062  0.57226562]"
y,"[0.375      0.41992188 0.         0.421875   0.         0.4375
 0.42382812 0.        ]"
z,"[0.22851562 0.06054688 0.43945312 0.0390625  0.52539062 0.18554688
 0.03320312 0.49023438]"
