numObj,22
rangeIdx,[12  8  9 12  8  9  8  9 12  8  9 10 12 13 28 12 12  9 12  9 10 12]
range,"[0.5625   0.375    0.421875 0.5625   0.375    0.421875 0.375    0.421875
 0.5625   0.375    0.421875 0.46875  0.5625   0.609375 1.3125   0.5625
 0.5625   0.421875 0.5625   0.421875 0.46875  0.5625  ]"
dopplerIdx,[ 0  1  1  1  2  2 -2 -2 -2 -1 -1 -1 -1 -1 -1  0  1 -2 -2 -1 -1 -1]
doppler,"[ 0.          0.12526054  0.12526054  0.12526054  0.25052108  0.25052108
 -0.25052108 -0.25052108 -0.25052108 -0.12526054 -0.12526054 -0.12526054
 -0.12526054 -0.12526054 -0.12526054  0.          0.12526054 -0.25052108
 -0.25052108 -0.12526054 -0.12526054 -0.12526054]"
peakVal,"[  7 100 115  21  34  38  41  47  12 121 138  54  32  28  14   4  20  25
   9  70  48  26]"
x,"[-0.29882812  0.1171875   0.1328125  -0.29882812  0.1171875   0.1328125
  0.12890625  0.14453125 -0.29882812  0.1171875   0.1328125  -0.015625
 -0.29882812 -0.36132812  0.53320312  0.17578125  0.15820312 -0.01367188
  0.17578125 -0.01367188  0.16210938  0.17578125]"
y,"[0.47265625 0.34765625 0.39257812 0.46484375 0.34375    0.38476562
 0.3515625  0.39648438 0.4765625  0.35546875 0.40039062 0.4453125
 0.47460938 0.49023438 1.18554688 0.51953125 0.5234375  0.24804688
 0.53320312 0.20703125 0.43945312 0.53125   ]"
z,"[ 0.06640625  0.07421875  0.08203125  0.109375    0.09570312  0.11132812
  0.00976562  0.00976562  0.0234375   0.02929688  0.03125     0.14648438
  0.05078125  0.03320312  0.18164062  0.12890625  0.13085938  0.34179688
  0.02734375  0.3671875  -0.02734375  0.06640625]"
