numObj,6
rangeIdx,[32 28 31 32 28 31]
range,[1.5      1.3125   1.453125 1.5      1.3125   1.453125]
dopplerIdx,[ 0 -1 -1 -1 -1 -1]
doppler,[ 0.         -0.12526054 -0.12526054 -0.12526054 -0.12526054 -0.12526054]
peakVal,[ 9 17 15 17  9  8]
x,[0.65625    0.         0.7265625  0.703125   0.73828125 0.2734375 ]
y,[1.34179688 1.26367188 1.0859375  1.296875   0.         1.40039062]
z,[-0.13476562 -0.35351562 -0.63476562 -0.27539062 -1.17382812  0.27539062]
