numObj,21
rangeIdx,[ 8  9  7  8  9 10  8  9 10  8  9  9  8  9 10  7  8  9 10 12 12]
range,"[0.375    0.421875 0.328125 0.375    0.421875 0.46875  0.375    0.421875
 0.46875  0.375    0.421875 0.421875 0.375    0.421875 0.46875  0.328125
 0.375    0.421875 0.46875  0.5625   0.5625  ]"
dopplerIdx,[ 0  0  1  1  1  1  2  2  2  3  3 -3 -2 -2 -2 -1 -1 -1 -1 -1 -1]
doppler,"[ 0.          0.          0.12526054  0.12526054  0.12526054  0.12526054
  0.25052108  0.25052108  0.25052108  0.37578163  0.37578163 -0.37578163
 -0.25052108 -0.25052108 -0.25052108 -0.12526054 -0.12526054 -0.12526054
 -0.12526054 -0.12526054 -0.12526054]"
peakVal,"[ 22  24  38 122 139  54  41  46  18   8   9  11  47  53  21  43 139 157
  63  16  10]"
x,"[-0.0234375  -0.0390625  -0.03125    -0.03515625 -0.0390625  -0.04492188
 -0.03515625 -0.0390625  -0.04492188 -0.046875   -0.05273438 -0.02734375
 -0.0234375  -0.02734375 -0.04492188 -0.02148438 -0.0234375  -0.02734375
 -0.02929688 -0.05273438  0.29882812]"
y,"[0.3671875  0.41015625 0.31640625 0.36132812 0.40625    0.45117188
 0.35546875 0.3984375  0.4375     0.34179688 0.38867188 0.41992188
 0.37304688 0.41992188 0.46484375 0.32421875 0.37109375 0.41796875
 0.46289062 0.56054688 0.37109375]"
z,"[ 0.0703125   0.08984375  0.08398438  0.09570312  0.10742188  0.12109375
  0.11328125  0.13085938  0.1640625   0.14648438  0.15625    -0.01757812
  0.02929688  0.02929688  0.0390625   0.046875    0.05078125  0.0546875
  0.0625      0.00390625  0.29882812]"
