numObj,7
rangeIdx,[12  9 12 13 12 12 13]
range,[0.5625   0.421875 0.5625   0.609375 0.5625   0.5625   0.609375]
dopplerIdx,[ 1 -1 -1 -1  1 -1 -1]
doppler,"[ 0.12526054 -0.12526054 -0.12526054 -0.12526054  0.12526054 -0.12526054
 -0.12526054]"
peakVal,[10 43 12 15  9  9  9]
x,"[-0.33398438  0.11914062 -0.33398438 -0.36132812  0.2109375   0.22851562
 -0.57226562]"
y,"[0.41796875 0.40429688 0.44140625 0.48632812 0.5        0.5078125
 0.        ]"
z,"[ 0.171875    0.0234375   0.09960938  0.06640625  0.15039062  0.08398438
 -0.36523438]"
