numObj,12
rangeIdx,[26 27 28  8  9 30  9 27 26 27 28 28]
range,"[1.21875  1.265625 1.3125   0.375    0.421875 1.40625  0.421875 1.265625
 1.21875  1.265625 1.3125   1.3125  ]"
dopplerIdx,[ 0  0  0  1  1  1  2 -2 -1 -1 -1 -1]
doppler,"[ 0.          0.          0.          0.12526054  0.12526054  0.12526054
  0.25052108 -0.25052108 -0.12526054 -0.12526054 -0.12526054 -0.12526054]"
peakVal,[17 21 14 25 27 11  9 20 33 40 23 13]
x,"[ 0.11523438  0.11914062  0.12304688 -0.03515625 -0.0390625  -0.1328125
 -0.05273438  0.15820312  0.11523438  0.11914062  0.20507812  0.69726562]"
y,"[1.17773438 1.23046875 1.28320312 0.35742188 0.40429688 0.98828125
 0.38867188 1.24609375 1.19140625 1.24414062 1.2734375  0.25585938]"
z,"[ 0.2890625   0.27148438  0.24609375  0.10546875  0.1171875  -0.9921875
  0.15234375  0.15234375  0.23046875  0.203125    0.24804688 -1.08203125]"
