numObj,22
rangeIdx,[ 8  9 10  8  9 10 23  8  9 10  8  9  8  9  8  9 10  8  9 10 22 23]
range,"[0.375    0.421875 0.46875  0.375    0.421875 0.46875  1.078125 0.375
 0.421875 0.46875  0.375    0.421875 0.375    0.421875 0.375    0.421875
 0.46875  0.375    0.421875 0.46875  1.03125  1.078125]"
dopplerIdx,[ 0  0  0  1  1  1  1  2  2  2  3  3 -3 -3 -2 -2 -2 -1 -1 -1 -1 -1]
doppler,"[ 0.          0.          0.          0.12526054  0.12526054  0.12526054
  0.12526054  0.25052108  0.25052108  0.25052108  0.37578163  0.37578163
 -0.37578163 -0.37578163 -0.25052108 -0.25052108 -0.25052108 -0.12526054
 -0.12526054 -0.12526054 -0.12526054 -0.12526054]"
peakVal,"[ 73  85  34 192 223  92  11  61  71  30  14  17  16  18  82  97  41 245
 288 122  16  17]"
x,"[-0.03515625 -0.02734375 -0.04492188 -0.03515625 -0.0390625  -0.05859375
  0.         -0.03515625 -0.05273438 -0.05859375 -0.03515625 -0.0390625
 -0.01171875 -0.02734375 -0.0234375  -0.02734375 -0.04492188 -0.0234375
 -0.02734375 -0.04492188  0.         -0.03320312]"
y,"[0.36523438 0.41210938 0.45507812 0.36328125 0.40820312 0.4453125
 1.06445312 0.35546875 0.3984375  0.43554688 0.34960938 0.38867188
 0.37304688 0.41992188 0.37304688 0.41992188 0.46484375 0.37109375
 0.41796875 0.4609375  1.02734375 1.07617188]"
z,"[ 0.08007812  0.08789062  0.10546875  0.08789062  0.1015625   0.13476562
  0.16796875  0.11328125  0.12695312  0.16015625  0.12890625  0.16015625
 -0.03125    -0.0234375   0.0234375   0.02734375  0.04492188  0.04296875
  0.05273438  0.07421875  0.1015625   0.07421875]"
