numObj,28
rangeIdx,"[ 8  9 10  7  8  9 10 12 22 23  7  8  9 10  8  9  8  9  8  9 10  7  8  9
 10 12 12 12]"
range,"[0.375    0.421875 0.46875  0.328125 0.375    0.421875 0.46875  0.5625
 1.03125  1.078125 0.328125 0.375    0.421875 0.46875  0.375    0.421875
 0.375    0.421875 0.375    0.421875 0.46875  0.328125 0.375    0.421875
 0.46875  0.5625   0.5625   0.5625  ]"
dopplerIdx,"[ 0  0  0  1  1  1  1  1  1  1  2  2  2  2  3  3 -3 -3 -2 -2 -2 -1 -1 -1
 -1 -1  1 -1]"
doppler,"[ 0.          0.          0.          0.12526054  0.12526054  0.12526054
  0.12526054  0.12526054  0.12526054  0.12526054  0.25052108  0.25052108
  0.25052108  0.25052108  0.37578163  0.37578163 -0.37578163 -0.37578163
 -0.25052108 -0.25052108 -0.25052108 -0.12526054 -0.12526054 -0.12526054
 -0.12526054 -0.12526054  0.12526054 -0.12526054]"
peakVal,"[ 22  25  10  54 172 193  75  19  12  13  18  58  64  25  12  13   9  10
  48  54  20  46 145 161  62  17  10   9]"
x,"[-0.0234375  -0.02734375 -0.04492188 -0.03125    -0.03515625 -0.0390625
 -0.04492188 -0.05273438  0.          0.         -0.03125    -0.03515625
 -0.0390625  -0.04492188 -0.03515625 -0.05273438  0.          0.
 -0.0234375  -0.02734375 -0.04492188 -0.02148438 -0.0234375  -0.02734375
 -0.02929688 -0.03515625  0.28125     0.29882812]"
y,"[0.3671875  0.41601562 0.453125   0.31445312 0.36132812 0.40625
 0.44921875 0.54296875 0.99804688 1.04492188 0.3125     0.35351562
 0.3984375  0.43554688 0.35351562 0.38671875 0.375      0.421875
 0.37304688 0.41992188 0.46679688 0.32421875 0.37109375 0.41796875
 0.46289062 0.55859375 0.38476562 0.        ]"
z,"[ 0.07421875  0.0703125   0.11328125  0.08789062  0.09765625  0.109375
  0.12890625  0.13867188  0.2578125   0.26953125  0.09765625  0.12109375
  0.13476562  0.16601562  0.12109375  0.16210938  0.015625    0.02148438
  0.0234375   0.02539062  0.02929688  0.04492188  0.05078125  0.05664062
  0.07226562  0.0625     -0.29882812 -0.52734375]"
