numObj,6
rangeIdx,[8 9 8 9 8 9]
range,[0.375    0.421875 0.375    0.421875 0.375    0.421875]
dopplerIdx,[ 0  0  1  1 -1 -1]
doppler,[ 0.          0.          0.12526054  0.12526054 -0.12526054 -0.12526054]
peakVal,[11 12 10 11 12 12]
x,[-0.0234375  -0.0390625  -0.046875   -0.05273438 -0.01171875 -0.02734375]
y,[0.36132812 0.40625    0.34765625 0.37890625 0.375      0.421875  ]
z,[0.09570312 0.109375   0.1328125  0.1796875  0.02148438 0.00585938]
