numObj,3
rangeIdx,[12 12 12]
range,[0.5625 0.5625 0.5625]
dopplerIdx,[ 0  1 -1]
doppler,[ 0.          0.12526054 -0.12526054]
peakVal,[ 8 20  7]
x,[0.40429688 0.421875   0.421875  ]
y,[0.3828125  0.28710938 0.20117188]
z,[0.08398438 0.23632812 0.31445312]
