numObj,20
rangeIdx,[ 9 10 28 29  9 10 16 17  9 10  9 10 28 29 28 29 16 17 28 29]
range,"[0.421875 0.46875  1.3125   1.359375 0.421875 0.46875  0.75     0.796875
 0.421875 0.46875  0.421875 0.46875  1.3125   1.359375 1.3125   1.359375
 0.75     0.796875 1.3125   1.359375]"
dopplerIdx,[ 0  0  0  0 -3 -3 -3 -3 -2 -2 -1 -1 -1 -1  0  0 -3 -3 -1 -1]
doppler,"[ 0.          0.          0.          0.         -0.37578163 -0.37578163
 -0.37578163 -0.37578163 -0.25052108 -0.25052108 -0.12526054 -0.12526054
 -0.12526054 -0.12526054  0.          0.         -0.37578163 -0.37578163
 -0.12526054 -0.12526054]"
peakVal,"[379 295  27  27  65  60  21  22 469 390 729 572  60  58  21  20  14  20
  50  47]"
x,"[0.25       0.29296875 0.04101562 0.0859375  0.29101562 0.32226562
 0.2109375  0.22460938 0.26367188 0.30859375 0.25       0.30859375
 0.08203125 0.12695312 0.57421875 0.59570312 0.4921875  0.54882812
 0.65625    0.63671875]"
y,"[0.31054688 0.328125   0.97070312 0.953125   0.29882812 0.33203125
 0.32226562 0.34375    0.31835938 0.33789062 0.32226562 0.328125
 0.87304688 0.81640625 0.6484375  0.83203125 0.5390625  0.55078125
 0.42382812 0.71875   ]"
z,"[ 0.13671875  0.1640625  -0.8828125  -0.96679688  0.06445312  0.0703125
 -0.64453125 -0.68359375  0.08789062  0.10546875  0.109375    0.13476562
 -0.9765625  -1.08007812 -0.98632812 -0.89648438  0.171875    0.17578125
 -1.0546875  -0.9609375 ]"
