numObj,27
rangeIdx,"[12 14 15 16 12 14 15 16 11 12 13 11 12 13 10 11 12 13 21 12 14 15 16 14
 15 16 21]"
range,"[0.5625   0.65625  0.703125 0.75     0.5625   0.65625  0.703125 0.75
 0.515625 0.5625   0.609375 0.515625 0.5625   0.609375 0.46875  0.515625
 0.5625   0.609375 0.984375 0.5625   0.65625  0.703125 0.75     0.65625
 0.703125 0.75     0.984375]"
dopplerIdx,"[ 0  0  0  0  1  1  1  1  2  2  2  3  3  3  4  4  4  4  4 -1  0  0  0  1
  1  1  4]"
doppler,"[ 0.          0.          0.          0.          0.12526054  0.12526054
  0.12526054  0.12526054  0.25052108  0.25052108  0.25052108  0.37578163
  0.37578163  0.37578163  0.50104217  0.50104217  0.50104217  0.50104217
  0.50104217 -0.12526054  0.          0.          0.          0.12526054
  0.12526054  0.12526054  0.50104217]"
peakVal,"[ 30  16  33  29  30  29  63  64 271 171  31 300 181  32  57  86  50   8
  12  12  16  30  27  28  60  58   8]"
x,"[-0.31640625  0.02148438 -0.26367188 -0.2578125  -0.33398438 -0.24609375
 -0.2421875  -0.0234375  -0.30664062 -0.33398438 -0.36132812 -0.30664062
 -0.33398438 -0.36132812 -0.29296875 -0.32226562 -0.33398438 -0.40039062
 -0.70703125 -0.33398438 -0.34960938  0.          0.          0.02148438
 -0.02148438 -0.28125     0.76953125]"
y,"[0.4609375  0.46289062 0.54296875 0.63085938 0.4296875  0.49609375
 0.56835938 0.49414062 0.39257812 0.42773438 0.46484375 0.38476562
 0.41796875 0.44726562 0.33203125 0.36132812 0.40625    0.41992188
 0.         0.45117188 0.         0.47070312 0.45117188 0.484375
 0.5234375  0.609375   0.        ]"
z,"[ 0.05664062 -0.46484375  0.359375    0.31445312  0.14453125  0.3515625
  0.3359375  -0.56445312  0.13476562  0.14648438  0.15625     0.15625
  0.17578125  0.203125    0.15234375  0.1796875   0.19921875  0.18554688
 -0.71484375  0.02539062  0.60546875 -0.52148438 -0.59960938 -0.44335938
 -0.46875     0.3359375  -0.76367188]"
