numObj,17
rangeIdx,[20 21 14 18 17 18 19 18 20 21 20 21 18 17 18 19 18]
range,"[0.9375   0.984375 0.65625  0.84375  0.796875 0.84375  0.890625 0.84375
 0.9375   0.984375 0.9375   0.984375 0.84375  0.796875 0.84375  0.890625
 0.84375 ]"
dopplerIdx,[ 0  0  1  1  2  2  2  3 -2 -2 -1 -1  1  2  2  2  3]
doppler,"[ 0.          0.          0.12526054  0.12526054  0.25052108  0.25052108
  0.25052108  0.37578163 -0.25052108 -0.25052108 -0.12526054 -0.12526054
  0.12526054  0.25052108  0.25052108  0.25052108  0.37578163]"
peakVal,[165 124 100 126  70  99  54  21 145 113 316 242  88  47  66  32  14]
x,"[0.1171875  0.15429688 0.02148438 0.52734375 0.49804688 0.52734375
 0.52929688 0.47460938 0.14648438 0.18554688 0.1171875  0.12304688
 0.08007812 0.05078125 0.05273438 0.05664062 0.        ]"
y,"[0.87890625 0.9296875  0.63671875 0.         0.22460938 0.23828125
 0.31640625 0.421875   0.91210938 0.95703125 0.90625    0.9609375
 0.53710938 0.42773438 0.57421875 0.6484375  0.64257812]"
z,"[ 0.30273438  0.28320312  0.15429688 -0.65820312 -0.58007812 -0.61523438
 -0.64257812 -0.55664062  0.16210938  0.13476562  0.21289062  0.17773438
 -0.64648438 -0.66992188 -0.6171875  -0.609375   -0.546875  ]"
