numObj,20
rangeIdx,[14 15 13 14 15 14 15 10 18 20 14 15 16 13 14 15 16 18 20 16]
range,"[0.65625  0.703125 0.609375 0.65625  0.703125 0.65625  0.703125 0.46875
 0.84375  0.9375   0.65625  0.703125 0.75     0.609375 0.65625  0.703125
 0.75     0.84375  0.9375   0.75    ]"
dopplerIdx,[ 0  0  1  1  1  2  2  3  3  3 -2 -2 -2 -1 -1 -1 -1  3  3 -2]
doppler,"[ 0.          0.          0.12526054  0.12526054  0.12526054  0.25052108
  0.25052108  0.37578163  0.37578163  0.37578163 -0.25052108 -0.25052108
 -0.25052108 -0.12526054 -0.12526054 -0.12526054 -0.12526054  0.37578163
  0.37578163 -0.25052108]"
peakVal,"[ 84 106  66 233 277  84  94 127  17  19  32  40  17  29 104 126  56  12
  17  10]"
x,"[-0.08203125 -0.08789062 -0.05664062 -0.0625     -0.08789062 -0.08203125
 -0.109375   -0.20507812  0.66015625  0.61523438  0.         -0.02148438
 -0.046875   -0.0390625  -0.02148438 -0.02148438 -0.046875    0.36914062
 -0.32226562 -0.3046875 ]"
y,"[0.62695312 0.66601562 0.58203125 0.63085938 0.66796875 0.60351562
 0.63085938 0.3984375  0.44726562 0.66015625 0.65625    0.703125
 0.74804688 0.60546875 0.65429688 0.70117188 0.74609375 0.52148438
 0.8359375  0.        ]"
z,"[ 0.17578125  0.20507812  0.16992188  0.171875    0.203125    0.24609375
  0.29296875  0.140625    0.27929688  0.25390625  0.01367188  0.015625
  0.0078125   0.05273438  0.04882812  0.04882812  0.05859375 -0.55273438
  0.2734375   0.69921875]"
