numObj,15
rangeIdx,[11 12 12 14 25 10 11 12 10 11 12 11 12 15 15]
range,"[0.515625 0.5625   0.5625   0.65625  1.171875 0.46875  0.515625 0.5625
 0.46875  0.515625 0.5625   0.515625 0.5625   0.703125 0.703125]"
dopplerIdx,[ 0  0  1  1  1 -3 -3 -3 -2 -2 -2 -1 -1 -1 -1]
doppler,"[ 0.          0.          0.12526054  0.12526054  0.12526054 -0.37578163
 -0.37578163 -0.37578163 -0.25052108 -0.25052108 -0.25052108 -0.12526054
 -0.12526054 -0.12526054 -0.12526054]"
peakVal,[ 89  34  10  11  17  51  56  23 172 191  77 205  78  39  36]
x,"[0.40234375 0.43945312 0.45703125 0.         0.5859375  0.39648438
 0.43554688 0.47460938 0.38085938 0.41992188 0.45703125 0.41992188
 0.47460938 0.52734375 0.06640625]"
y,"[0.27148438 0.31445312 0.28125    0.63867188 0.9921875  0.24414062
 0.26757812 0.29296875 0.2578125  0.28125    0.31054688 0.265625
 0.27148438 0.         0.41210938]"
z,"[ 0.17382812  0.15625     0.16796875  0.15429688  0.21484375  0.05859375
  0.0703125   0.07421875  0.09179688  0.10546875  0.10351562  0.140625
  0.13085938 -0.55078125 -0.56640625]"
