numObj,15
rangeIdx,[15 15 16 17 12 14 15 41 15 15 16 17 12 14 15]
range,"[0.703125 0.703125 0.75     0.796875 0.5625   0.65625  0.703125 1.921875
 0.703125 0.703125 0.75     0.796875 0.5625   0.65625  0.703125]"
dopplerIdx,[ 0  1  1  1 -1 -1 -1 -1  0  1  1  1 -1 -1 -1]
doppler,"[ 0.          0.12526054  0.12526054  0.12526054 -0.12526054 -0.12526054
 -0.12526054 -0.12526054  0.          0.12526054  0.12526054  0.12526054
 -0.12526054 -0.12526054 -0.12526054]"
peakVal,[18 19 18 13  9 21 46 12 10 16 14  9  7 19 36]
x,"[0.4609375  0.02148438 0.515625   0.57226562 0.4921875  0.47265625
 0.484375   1.20117188 0.02148438 0.484375   0.0234375  0.29882812
 0.29882812 0.04101562 0.04492188]"
y,"[0.         0.68945312 0.36523438 0.51367188 0.2578125  0.
 0.         1.45117188 0.421875   0.         0.64648438 0.59765625
 0.29492188 0.58203125 0.52539062]"
z,"[-0.55273438 -0.140625   -0.40429688 -0.20703125 -0.08789062 -0.58398438
 -0.578125    0.37890625 -0.5625     -0.5234375  -0.38085938  0.43359375
  0.375      -0.30078125 -0.46679688]"
