numObj,17
rangeIdx,[12 15 16 17 12 16 12 14 15 16 15 16 17 16 14 15 16]
range,"[0.5625   0.703125 0.75     0.796875 0.5625   0.75     0.5625   0.65625
 0.703125 0.75     0.703125 0.75     0.796875 0.75     0.65625  0.703125
 0.75    ]"
dopplerIdx,[ 0  0  0  0 -2 -2 -1 -1 -1 -1  0  0  0 -2 -1 -1 -1]
doppler,"[ 0.          0.          0.          0.         -0.25052108 -0.25052108
 -0.12526054 -0.12526054 -0.12526054 -0.12526054  0.          0.
  0.         -0.25052108 -0.12526054 -0.12526054 -0.12526054]"
peakVal,[17 37 45 52 16 44 32 26 68 86 31 44 44 38 22 58 82]
x,"[0.43945312 0.04492188 0.28125    0.2734375  0.43945312 0.3046875
 0.45703125 0.0625     0.06640625 0.3046875  0.484375   0.5390625
 0.59765625 0.5625     0.43164062 0.50585938 0.5625    ]"
y,"[0.3125     0.5234375  0.51757812 0.         0.33789062 0.55859375
 0.29882812 0.40625    0.484375   0.55273438 0.         0.19335938
 0.24609375 0.         0.         0.         0.        ]"
z,"[ 0.16210938 -0.46679688  0.46484375 -0.75585938  0.09375     0.3984375
  0.13671875 -0.51171875 -0.50585938  0.40625    -0.53320312 -0.484375
 -0.46679688 -0.578125    0.55859375 -0.5859375  -0.55859375]"
