numObj,27
rangeIdx,"[12 14 15 12 14 15 16 11 12 13 16  9 11 12 13 10 11 12 13 12 14 15 14 15
 16 13 16]"
range,"[0.5625   0.65625  0.703125 0.5625   0.65625  0.703125 0.75     0.515625
 0.5625   0.609375 0.75     0.421875 0.515625 0.5625   0.609375 0.46875
 0.515625 0.5625   0.609375 0.5625   0.65625  0.703125 0.65625  0.703125
 0.75     0.609375 0.75    ]"
dopplerIdx,"[ 0  0  0  1  1  1  1  2  2  2  2  3  3  3  3  4  4  4  4 -1  0  0  1  1
  1  2  2]"
doppler,"[ 0.          0.          0.          0.12526054  0.12526054  0.12526054
  0.12526054  0.25052108  0.25052108  0.25052108  0.25052108  0.37578163
  0.37578163  0.37578163  0.37578163  0.50104217  0.50104217  0.50104217
  0.50104217 -0.12526054  0.          0.          0.12526054  0.12526054
  0.12526054  0.25052108  0.25052108]"
peakVal,"[ 35  36  62  30  63 112  97 290 204  45  63 176 332 228  52  61 107  72
  16  13  24  45  48  87  69  23  60]"
x,"[-0.31640625 -0.20507812 -0.33007812 -0.29882812 -0.20507812 -0.33007812
 -0.3515625  -0.30664062 -0.31640625 -0.36132812 -0.328125   -0.171875
 -0.29101562 -0.3515625  -0.38085938 -0.29296875 -0.32226562 -0.3515625
 -0.40039062 -0.33398438  0.02148438  0.          0.04101562  0.02148438
 -0.09375     0.58984375 -0.5859375 ]"
y,"[0.45117188 0.58789062 0.31835938 0.4375     0.578125   0.17382812
 0.65820312 0.38476562 0.42578125 0.45117188 0.67382812 0.36523438
 0.3828125  0.38476562 0.40820312 0.31835938 0.34179688 0.37109375
 0.37304688 0.4453125  0.48828125 0.546875   0.46484375 0.52734375
 0.69335938 0.         0.        ]"
z,"[ 0.11132812  0.20703125  0.53320312  0.1875      0.23632812  0.59570312
 -0.08007812  0.15429688  0.1875      0.19140625  0.01757812  0.125
  0.1875      0.2109375   0.2421875   0.18164062  0.21484375  0.234375
  0.26953125  0.078125   -0.4375     -0.44140625 -0.4609375  -0.46484375
 -0.2734375  -0.4140625  -0.64648438]"
