numObj,17
rangeIdx,[ 8  9 10 15  8  9 10 15  8  9 10 18 19 20 18 19 20]
range,"[0.375    0.421875 0.46875  0.703125 0.375    0.421875 0.46875  0.703125
 0.375    0.421875 0.46875  0.84375  0.890625 0.9375   0.84375  0.890625
 0.9375  ]"
dopplerIdx,[0 0 0 0 1 1 1 1 2 2 2 3 3 3 3 3 3]
doppler,"[0.         0.         0.         0.         0.12526054 0.12526054
 0.12526054 0.12526054 0.25052108 0.25052108 0.25052108 0.37578163
 0.37578163 0.37578163 0.37578163 0.37578163 0.37578163]"
peakVal,"[ 360  614  403  101  731 1233  799  209  489  839  560   40   54   27
   22   38   26]"
x,"[-0.046875   -0.06640625 -0.07421875 -0.06640625 -0.046875   -0.05273438
 -0.07421875 -0.08789062 -0.0703125  -0.08007812 -0.08789062  0.6328125
  0.6953125   0.73242188  0.34375    -0.30664062 -0.29296875]"
y,"[0.36328125 0.41015625 0.45898438 0.69140625 0.35546875 0.40429688
 0.453125   0.67773438 0.34960938 0.39648438 0.4453125  0.50195312
 0.49609375 0.52539062 0.51757812 0.80078125 0.84570312]"
z,"[ 0.08398438  0.07226562  0.06445312  0.10546875  0.11132812  0.109375
  0.09765625  0.1640625   0.11523438  0.1171875   0.1171875   0.24609375
  0.25195312  0.25585938 -0.5703125   0.2421875   0.28125   ]"
