numObj,22
rangeIdx,[ 9  8  9 10 12 22 23  8  9  9  9  8  9  8  9 12 22 23 29 30 12 12]
range,"[0.421875 0.375    0.421875 0.46875  0.5625   1.03125  1.078125 0.375
 0.421875 0.421875 0.421875 0.375    0.421875 0.375    0.421875 0.5625
 1.03125  1.078125 1.359375 1.40625  0.5625   0.5625  ]"
dopplerIdx,[ 0  1  1  1  1  1  1  2  2  3 -3 -2 -2 -1 -1 -1 -1 -1 -1 -1  1 -1]
doppler,"[ 0.          0.12526054  0.12526054  0.12526054  0.12526054  0.12526054
  0.12526054  0.25052108  0.25052108  0.37578163 -0.37578163 -0.25052108
 -0.25052108 -0.12526054 -0.12526054 -0.12526054 -0.12526054 -0.12526054
 -0.12526054 -0.12526054  0.12526054 -0.12526054]"
peakVal,"[ 29 130 180  95  14  37  36  42  59  13  15  54  75 161 227  18  50  49
  15  14   9  13]"
x,"[0.02734375 0.0234375  0.02734375 0.02929688 0.03515625 0.03320312
 0.03320312 0.0234375  0.02734375 0.         0.02734375 0.0234375
 0.0390625  0.03515625 0.0390625  0.05273438 0.03320312 0.06835938
 0.21289062 0.26367188 0.36914062 0.40429688]"
y,"[0.41992188 0.36914062 0.4140625  0.4609375  0.55664062 0.99414062
 1.03710938 0.36328125 0.40820312 0.40234375 0.41992188 0.375
 0.41992188 0.37304688 0.41992188 0.56054688 1.02539062 1.06640625
 1.32226562 1.36328125 0.38867188 0.3203125 ]"
z,"[ 0.03710938  0.06640625  0.07421875  0.07421875  0.07617188  0.26953125
  0.296875    0.09375     0.10351562  0.12890625 -0.03515625 -0.00585938
 -0.00390625  0.01757812  0.01953125  0.01171875  0.11132812  0.140625
  0.23828125  0.22265625 -0.171875   -0.22460938]"
