numObj,27
rangeIdx,"[ 8  9  8  9 10 12 22 23  8  9 10 12  8  9  8  9  8  9 10  8  9 10 12 22
 12 12 12]"
range,"[0.375    0.421875 0.375    0.421875 0.46875  0.5625   1.03125  1.078125
 0.375    0.421875 0.46875  0.5625   0.375    0.421875 0.375    0.421875
 0.375    0.421875 0.46875  0.375    0.421875 0.46875  0.5625   1.03125
 0.5625   0.5625   0.5625  ]"
dopplerIdx,"[ 0  0  1  1  1  1  1  1  2  2  2  2  3  3 -3 -3 -2 -2 -2 -1 -1 -1 -1 -1
  1  2 -1]"
doppler,"[ 0.          0.          0.12526054  0.12526054  0.12526054  0.12526054
  0.12526054  0.12526054  0.25052108  0.25052108  0.25052108  0.25052108
  0.37578163  0.37578163 -0.37578163 -0.37578163 -0.25052108 -0.25052108
 -0.25052108 -0.12526054 -0.12526054 -0.12526054 -0.12526054 -0.12526054
  0.12526054  0.25052108 -0.12526054]"
peakVal,"[ 51  66 280 358 164  34  32  28  96 122  55  12  17  22  14  18  62  79
  37 194 248 113  23  21  20   7  14]"
x,"[ 0.03515625  0.0390625   0.03515625  0.0390625   0.05859375  0.01757812
  0.09765625  0.1015625   0.03515625  0.0390625   0.04492188  0.01757812
  0.0234375   0.02734375  0.03515625  0.06640625  0.046875    0.05273438
  0.05859375  0.046875    0.05273438  0.05859375  0.03515625  0.09765625
 -0.15820312 -0.15820312 -0.15820312]"
y,"[0.36914062 0.4140625  0.36328125 0.41015625 0.45507812 0.56054688
 0.9765625  1.00195312 0.35742188 0.40234375 0.44921875 0.5546875
 0.35351562 0.39648438 0.37304688 0.41601562 0.37109375 0.41796875
 0.46484375 0.37109375 0.41601562 0.46289062 0.55859375 1.01367188
 0.53320312 0.45507812 0.50976562]"
z,"[ 0.05859375  0.06640625  0.08398438  0.09375     0.09765625  0.03515625
  0.31640625  0.38476562  0.109375    0.12109375  0.12890625  0.09375
  0.12109375  0.140625   -0.01757812 -0.03125     0.015625    0.01953125
  0.01367188  0.03710938  0.04101562  0.04101562 -0.05078125  0.16601562
 -0.08984375 -0.29101562 -0.17578125]"
