numObj,32
rangeIdx,"[ 8  9 10 12  8  9 10 12  8  9 10 12  8  9 10  8  9 10  8  9 10 12  8  9
 10 12 12 12 12  9 12 12]"
range,"[0.375    0.421875 0.46875  0.5625   0.375    0.421875 0.46875  0.5625
 0.375    0.421875 0.46875  0.5625   0.375    0.421875 0.46875  0.375
 0.421875 0.46875  0.375    0.421875 0.46875  0.5625   0.375    0.421875
 0.46875  0.5625   0.5625   0.5625   0.5625   0.421875 0.5625   0.5625  ]"
dopplerIdx,"[ 0  0  0  0  1  1  1  1  2  2  2  2  3  3  3 -3 -3 -3 -2 -2 -2 -2 -1 -1
 -1 -1  0  1  2  3 -2 -1]"
doppler,"[ 0.          0.          0.          0.          0.12526054  0.12526054
  0.12526054  0.12526054  0.25052108  0.25052108  0.25052108  0.25052108
  0.37578163  0.37578163  0.37578163 -0.37578163 -0.37578163 -0.37578163
 -0.25052108 -0.25052108 -0.25052108 -0.25052108 -0.12526054 -0.12526054
 -0.12526054 -0.12526054  0.          0.12526054  0.25052108  0.37578163
 -0.25052108 -0.12526054]"
peakVal,"[ 51  76  39   9 244 363 190  42  85 127  66  15  14  21  11  12  18   9
  51  75  40   8 159 236 123  26   6  28  10  21   7  19]"
x,"[-0.08203125 -0.09179688 -0.10351562 -0.15820312 -0.08203125 -0.09179688
 -0.10351562 -0.140625   -0.09375    -0.10546875 -0.1171875  -0.15820312
 -0.10546875 -0.11914062 -0.1171875  -0.0703125  -0.09179688 -0.1171875
 -0.08203125 -0.09179688 -0.08789062 -0.140625   -0.08203125 -0.09179688
 -0.10351562 -0.140625   -0.31640625  0.01757812  0.01757812 -0.09179688
  0.03515625  0.        ]"
y,"[0.36328125 0.41015625 0.45507812 0.52929688 0.36132812 0.40625
 0.45117188 0.52148438 0.35351562 0.3984375  0.44140625 0.51171875
 0.34570312 0.38476562 0.42773438 0.3671875  0.40820312 0.45117188
 0.36523438 0.41210938 0.4609375  0.53710938 0.36523438 0.41210938
 0.45703125 0.53515625 0.         0.54882812 0.55078125 0.390625
 0.52929688 0.54296875]"
z,"[ 0.03710938  0.04101562  0.046875    0.1015625   0.05859375  0.0703125
  0.078125    0.15625     0.08007812  0.09375     0.10546875  0.17382812
  0.1015625   0.125       0.15234375 -0.0390625  -0.05273438 -0.05273438
 -0.0078125  -0.00390625 -0.00390625  0.0859375   0.01367188  0.01953125
  0.0234375   0.1015625   0.56054688 -0.12109375 -0.11328125  0.12890625
 -0.18945312 -0.1484375 ]"
