numObj,14
rangeIdx,[ 8  9 12 31  8  9  8  9  8  9 12 12 31 12]
range,"[0.375    0.421875 0.5625   1.453125 0.375    0.421875 0.375    0.421875
 0.375    0.421875 0.5625   0.5625   1.453125 0.5625  ]"
dopplerIdx,[ 1  1  1  1  2  2 -2 -2 -1 -1 -1  1  1 -1]
doppler,"[ 0.12526054  0.12526054  0.12526054  0.12526054  0.25052108  0.25052108
 -0.25052108 -0.25052108 -0.12526054 -0.12526054 -0.12526054  0.12526054
  0.12526054 -0.12526054]"
peakVal,[ 83 120  11  13  28  41  23  33  71 102   9   9   9   8]
x,"[-0.05859375 -0.06640625 -0.0703125  -0.09179688 -0.05859375 -0.06640625
 -0.05859375 -0.06640625 -0.05859375 -0.06640625 -0.0703125  -0.26367188
  0.45507812  0.31640625]"
y,"[0.36523438 0.41210938 0.5234375  0.54882812 0.359375   0.40625
 0.36914062 0.41601562 0.37109375 0.41601562 0.55664062 0.49609375
 0.61523438 0.43945312]"
z,"[ 0.05664062  0.06445312  0.19335938 -1.34179688  0.08789062  0.09375
 -0.01757812 -0.02148438  0.00585938  0.00585938  0.03515625  0.02148438
  1.23632812  0.15429688]"
