numObj,5
rangeIdx,[29 30 30 29 30]
range,[1.359375 1.40625  1.40625  1.359375 1.40625 ]
dopplerIdx,[ 1  1  2 -1 -1]
doppler,[ 0.12526054  0.12526054  0.25052108 -0.12526054 -0.12526054]
peakVal,[21 21  8 18 20]
x,[0.296875   0.30859375 0.26367188 0.42578125 0.484375  ]
y,[1.28125    1.31445312 1.31640625 1.22070312 1.23828125]
z,[0.34570312 0.39257812 0.41796875 0.41992188 0.4609375 ]
