numObj,4
rangeIdx,[12 12 12 12]
range,[0.5625 0.5625 0.5625 0.5625]
dopplerIdx,[ 1 -1  1 -1]
doppler,[ 0.12526054 -0.12526054  0.12526054 -0.12526054]
peakVal,[ 8 11  7  8]
x,[-0.28125     0.40429688  0.03515625 -0.22851562]
y,[0.48632812 0.390625   0.55273438 0.50976562]
z,[ 0.          0.03320312  0.09960938 -0.06835938]
