numObj,21
rangeIdx,[ 8  9  8  9 10 12  8  9 10  8  9  8  9  8  9  8  9 10 12 12 12]
range,"[0.375    0.421875 0.375    0.421875 0.46875  0.5625   0.375    0.421875
 0.46875  0.375    0.421875 0.375    0.421875 0.375    0.421875 0.375
 0.421875 0.46875  0.5625   0.5625   0.5625  ]"
dopplerIdx,[ 0  0  1  1  1  1  2  2  2  3  3 -3 -3 -2 -2 -1 -1 -1 -1  1 -1]
doppler,"[ 0.          0.          0.12526054  0.12526054  0.12526054  0.12526054
  0.25052108  0.25052108  0.25052108  0.37578163  0.37578163 -0.37578163
 -0.37578163 -0.25052108 -0.25052108 -0.12526054 -0.12526054 -0.12526054
 -0.12526054  0.12526054 -0.12526054]"
peakVal,"[ 43  54 134 164  72  18  44  54  23  10  12  11  13  57  70 165 203  90
  21  10  12]"
x,"[0.03515625 0.05273438 0.046875   0.05273438 0.05859375 0.05273438
 0.03515625 0.0390625  0.04492188 0.03515625 0.02734375 0.046875
 0.0390625  0.046875   0.05273438 0.046875   0.05273438 0.05859375
 0.03515625 0.22851562 0.22851562]"
y,"[0.36523438 0.40820312 0.35742188 0.40234375 0.44335938 0.55859375
 0.3515625  0.39453125 0.44140625 0.3515625  0.38671875 0.37109375
 0.41992188 0.37109375 0.41601562 0.3671875  0.4140625  0.45703125
 0.56054688 0.234375   0.359375  ]"
z,"[ 0.08007812  0.09375     0.1015625   0.1171875   0.13867188  0.04101562
  0.12695312  0.14257812  0.15039062  0.125       0.16601562  0.015625
  0.01757812  0.03125     0.0390625   0.05664062  0.06445312  0.08203125
 -0.0078125   0.45703125  0.3671875 ]"
