numObj,35
rangeIdx,"[ 8  9 10 12 22  8  9 10 12 22 23 25  8  9 10 12 22 23  8  9 10  9  8  9
  8  9 10 22  8  9 10 12 22 23 25]"
range,"[0.375    0.421875 0.46875  0.5625   1.03125  0.375    0.421875 0.46875
 0.5625   1.03125  1.078125 1.171875 0.375    0.421875 0.46875  0.5625
 1.03125  1.078125 0.375    0.421875 0.46875  0.421875 0.375    0.421875
 0.375    0.421875 0.46875  1.03125  0.375    0.421875 0.46875  0.5625
 1.03125  1.078125 1.171875]"
dopplerIdx,"[ 0  0  0  0  0  1  1  1  1  1  1  1  2  2  2  2  2  2  3  3  3  4 -3 -3
 -2 -2 -2 -2 -1 -1 -1 -1 -1 -1 -1]"
doppler,"[ 0.          0.          0.          0.          0.          0.12526054
  0.12526054  0.12526054  0.12526054  0.12526054  0.12526054  0.12526054
  0.25052108  0.25052108  0.25052108  0.25052108  0.25052108  0.25052108
  0.37578163  0.37578163  0.37578163  0.50104217 -0.37578163 -0.37578163
 -0.25052108 -0.25052108 -0.25052108 -0.25052108 -0.12526054 -0.12526054
 -0.12526054 -0.12526054 -0.12526054 -0.12526054 -0.12526054]"
peakVal,"[103 129  57  12  12 426 532 240  53  50  39  24 148 185  84  18  18  14
  25  32  14   9  19  24  82 103  47  10 254 319 143  32  29  23  14]"
x,"[0.046875   0.05273438 0.04492188 0.03515625 0.06445312 0.03515625
 0.0390625  0.05859375 0.03515625 0.09765625 0.1015625  0.109375
 0.03515625 0.0390625  0.04492188 0.01757812 0.09765625 0.06835938
 0.0234375  0.0390625  0.04492188 0.02734375 0.046875   0.05273438
 0.046875   0.05273438 0.07421875 0.09765625 0.046875   0.05273438
 0.07421875 0.03515625 0.09765625 0.1015625  0.18359375]"
y,"[0.3671875  0.41210938 0.45898438 0.56054688 0.99414062 0.36328125
 0.40820312 0.45117188 0.56054688 0.96679688 0.97070312 1.16015625
 0.35546875 0.40039062 0.44335938 0.55664062 0.94140625 0.91796875
 0.3515625  0.39453125 0.44335938 0.37695312 0.37304688 0.41796875
 0.37109375 0.41796875 0.4609375  1.01171875 0.36914062 0.41601562
 0.45898438 0.56054688 1.0078125  1.0234375  1.15429688]"
z,"[ 0.06445312  0.0703125   0.08007812  0.00585938  0.26367188  0.08789062
  0.09960938  0.11328125  0.03320312  0.34765625  0.45703125  0.11523438
  0.11132812  0.12890625  0.14648438  0.08007812  0.41210938  0.56054688
  0.13085938  0.14257812  0.14453125  0.1875      0.          0.00195312
  0.01757812  0.0234375   0.03320312  0.17773438  0.04296875  0.05078125
  0.06054688 -0.03125     0.1953125   0.32617188 -0.08203125]"
