numObj,14
rangeIdx,[ 8  9 10 12  8  9 10  9  9  8  9  8  9 12]
range,"[0.375    0.421875 0.46875  0.5625   0.375    0.421875 0.46875  0.421875
 0.421875 0.375    0.421875 0.375    0.421875 0.5625  ]"
dopplerIdx,[ 1  1  1  1  2  2  2  3 -3 -2 -2 -1 -1  1]
doppler,"[ 0.12526054  0.12526054  0.12526054  0.12526054  0.25052108  0.25052108
  0.25052108  0.37578163 -0.37578163 -0.25052108 -0.25052108 -0.12526054
 -0.12526054  0.12526054]"
peakVal,[127 160  69  19  40  51  22  12  12  52  67 156 200  10]
x,"[0.03515625 0.0390625  0.04492188 0.01757812 0.0234375  0.0390625
 0.04492188 0.02734375 0.05273438 0.03515625 0.05273438 0.03515625
 0.05273438 0.24609375]"
y,"[0.36132812 0.40625    0.45117188 0.55664062 0.35546875 0.40039062
 0.44335938 0.3984375  0.41796875 0.37304688 0.41796875 0.37109375
 0.41601562 0.41210938]"
z,"[ 0.09179688  0.10351562  0.11523438  0.08007812  0.11523438  0.12890625
  0.14453125  0.13867188 -0.0234375   0.02148438  0.02929688  0.04296875
  0.05273438  0.29492188]"
