numObj,21
rangeIdx,[ 9  8  9 10 12  8  9 10 12  9  9  8  9 10  8  9 10 12 12 12 12]
range,"[0.421875 0.375    0.421875 0.46875  0.5625   0.375    0.421875 0.46875
 0.5625   0.421875 0.421875 0.375    0.421875 0.46875  0.375    0.421875
 0.46875  0.5625   0.5625   0.5625   0.5625  ]"
dopplerIdx,[ 0  1  1  1  1  2  2  2  2  3 -3 -2 -2 -2 -1 -1 -1 -1  1  2 -1]
doppler,"[ 0.          0.12526054  0.12526054  0.12526054  0.12526054  0.25052108
  0.25052108  0.25052108  0.25052108  0.37578163 -0.37578163 -0.25052108
 -0.25052108 -0.25052108 -0.12526054 -0.12526054 -0.12526054 -0.12526054
  0.12526054  0.25052108 -0.12526054]"
peakVal,"[ 22 107 167  91  20  36  55  30   7  11   9  26  41  22  81 127  71  14
  11   4  10]"
x,"[-0.14453125 -0.1171875  -0.1328125  -0.14648438 -0.17578125 -0.12890625
 -0.14453125 -0.16210938 -0.19335938 -0.14453125 -0.1328125  -0.10546875
 -0.11914062 -0.16210938 -0.1171875  -0.1328125  -0.14648438 -0.19335938
 -0.421875   -0.40429688 -0.421875  ]"
y,"[0.39648438 0.35351562 0.3984375  0.44140625 0.53320312 0.34765625
 0.390625   0.4296875  0.52148438 0.3828125  0.3984375  0.35742188
 0.40429688 0.43945312 0.35546875 0.40039062 0.4453125  0.52539062
 0.32421875 0.23046875 0.359375  ]"
z,"[ 0.01367188  0.04101562  0.05078125  0.0625      0.04492188  0.06054688
  0.0703125   0.09570312  0.08203125  0.10351562 -0.0390625  -0.03710938
 -0.02929688 -0.03125    -0.00390625 -0.00195312  0.0078125  -0.05664062
  0.18164062  0.31640625  0.09375   ]"
