numObj,20
rangeIdx,[ 8  9  8  9 10 12  8  9 10  9  8  9  8  9  8  9 10 12 12 12]
range,"[0.375    0.421875 0.375    0.421875 0.46875  0.5625   0.375    0.421875
 0.46875  0.421875 0.375    0.421875 0.375    0.421875 0.375    0.421875
 0.46875  0.5625   0.5625   0.5625  ]"
dopplerIdx,[ 0  0  1  1  1  1  2  2  2  3 -3 -3 -2 -2 -1 -1 -1 -1  1 -1]
doppler,"[ 0.          0.          0.12526054  0.12526054  0.12526054  0.12526054
  0.25052108  0.25052108  0.25052108  0.37578163 -0.37578163 -0.37578163
 -0.25052108 -0.25052108 -0.12526054 -0.12526054 -0.12526054 -0.12526054
  0.12526054 -0.12526054]"
peakVal,"[ 21  27 168 207  91  21  57  70  31  14  10  12  44  54 133 162  73  17
  12  10]"
x,"[0.03515625 0.0390625  0.03515625 0.0390625  0.05859375 0.03515625
 0.03515625 0.0390625  0.04492188 0.0390625  0.046875   0.05273438
 0.046875   0.05273438 0.03515625 0.0390625  0.05859375 0.05273438
 0.22851562 0.24609375]"
y,"[0.3671875  0.41210938 0.36132812 0.40625    0.4453125  0.55859375
 0.35351562 0.39648438 0.43945312 0.38671875 0.37304688 0.41796875
 0.37109375 0.41796875 0.37109375 0.41601562 0.45898438 0.55859375
 0.2890625  0.4375    ]"
z,"[ 0.0703125   0.08398438  0.09570312  0.109375    0.1328125   0.04882812
  0.12109375  0.13867188  0.15820312  0.16210938  0.00195312  0.01757812
  0.0234375   0.03125     0.04882812  0.05859375  0.07617188 -0.04882812
  0.42578125  0.25390625]"
