numObj,25
rangeIdx,"[ 8  9  8  9 10 12 29  8  9 10 12  8  9  8  9  8  9 10  8  9 10 12 12 12
 12]"
range,"[0.375    0.421875 0.375    0.421875 0.46875  0.5625   1.359375 0.375
 0.421875 0.46875  0.5625   0.375    0.421875 0.375    0.421875 0.375
 0.421875 0.46875  0.375    0.421875 0.46875  0.5625   0.5625   0.5625
 0.5625  ]"
dopplerIdx,"[ 0  0  1  1  1  1  1  2  2  2  2  3  3 -3 -3 -2 -2 -2 -1 -1 -1 -1  1  2
 -1]"
doppler,"[ 0.          0.          0.12526054  0.12526054  0.12526054  0.12526054
  0.12526054  0.25052108  0.25052108  0.25052108  0.25052108  0.37578163
  0.37578163 -0.37578163 -0.37578163 -0.25052108 -0.25052108 -0.25052108
 -0.12526054 -0.12526054 -0.12526054 -0.12526054  0.12526054  0.25052108
 -0.12526054]"
peakVal,"[ 42  54 247 322 150  31  11  84 110  52  11  15  20  12  16  57  74  34
 174 228 108  21  19   6  14]"
x,"[ 0.03515625  0.0390625   0.03515625  0.0390625   0.04492188  0.03515625
  0.296875    0.03515625  0.0390625   0.04492188  0.03515625  0.0234375
  0.0390625   0.046875    0.05273438  0.046875    0.05273438  0.04492188
  0.03515625  0.0390625   0.05859375  0.03515625 -0.15820312 -0.17578125
 -0.17578125]"
y,"[0.36914062 0.41601562 0.36523438 0.41015625 0.45703125 0.56054688
 1.26171875 0.359375   0.40429688 0.44921875 0.55859375 0.35742188
 0.3984375  0.37109375 0.41796875 0.37109375 0.41796875 0.46679688
 0.37304688 0.41796875 0.46484375 0.55664062 0.52734375 0.52734375
 0.53515625]"
z,"[ 0.05273438  0.05664062  0.078125    0.08789062  0.09375     0.
  0.41210938  0.1015625   0.11523438  0.125       0.06054688  0.11132812
  0.13476562 -0.00976562 -0.01953125  0.0078125   0.00976562  0.01367188
  0.03125     0.03515625  0.03320312 -0.0703125   0.11132812  0.08007812
  0.01367188]"
