numObj,13
rangeIdx,[29 30 12 29 30 31 29 30  9  9 12 12 12]
range,"[1.359375 1.40625  0.5625   1.359375 1.40625  1.453125 1.359375 1.40625
 0.421875 0.421875 0.5625   0.5625   0.5625  ]"
dopplerIdx,[ 0  0  1  1  1  1  2  2 -2 -1 -1  1 -1]
doppler,"[ 0.          0.          0.12526054  0.12526054  0.12526054  0.12526054
  0.25052108  0.25052108 -0.25052108 -0.12526054 -0.12526054  0.12526054
 -0.12526054]"
peakVal,[16 16  8 32 32 20 16 16 23 69  8  6  7]
x,"[ 0.          0.         -0.28125     0.          0.          0.
  0.          0.         -0.0390625  -0.0390625  -0.26367188 -0.01757812
  0.33398438]"
y,"[1.35546875 1.40234375 0.45898438 1.34960938 1.39453125 1.42578125
 1.34179688 1.38085938 0.41796875 0.41992188 0.484375   0.55664062
 0.421875  ]"
z,"[ 0.10546875  0.09570312  0.16210938  0.1640625   0.1796875   0.28320312
  0.22460938  0.27148438 -0.04101562 -0.01171875  0.109375    0.08203125
  0.1640625 ]"
