numObj,5
rangeIdx,[ 9 12 12 12 12]
range,[0.421875 0.5625   0.5625   0.5625   0.5625  ]
dopplerIdx,[ 0  1 -1  1 -1]
doppler,[ 0.          0.12526054 -0.12526054  0.12526054 -0.12526054]
peakVal,[23  6  8  5  6]
x,[-0.10546875  0.24609375  0.2109375  -0.38671875  0.        ]
y,[0.40625    0.48242188 0.49023438 0.36328125 0.56054688]
z,[ 0.03710938  0.15039062  0.17578125  0.18554688 -0.04296875]
