numObj,16
rangeIdx,[31  8  9 12 31  8  9  8  9  8  9 12 31 12 31 12]
range,"[1.453125 0.375    0.421875 0.5625   1.453125 0.375    0.421875 0.375
 0.421875 0.375    0.421875 0.5625   1.453125 0.5625   1.453125 0.5625  ]"
dopplerIdx,[ 0  1  1  1  1  2  2 -2 -2 -1 -1 -1  0  1  1 -1]
doppler,"[ 0.          0.12526054  0.12526054  0.12526054  0.12526054  0.25052108
  0.25052108 -0.25052108 -0.25052108 -0.12526054 -0.12526054 -0.12526054
  0.          0.12526054  0.12526054 -0.12526054]"
peakVal,[  9  77 111  13  19  27  38  22  31  66  97  11   7  11  13  10]
x,"[ 0.54492188 -0.05859375 -0.06640625 -0.24609375  0.58984375 -0.05859375
 -0.06640625 -0.046875   -0.05273438 -0.046875   -0.05273438 -0.22851562
 -0.13671875 -0.08789062 -0.13671875 -0.08789062]"
y,"[0.         0.3671875  0.4140625  0.4765625  0.453125   0.36328125
 0.41015625 0.37109375 0.41796875 0.37304688 0.41796875 0.4609375
 0.61523438 0.53710938 0.31640625 0.5546875 ]"
z,"[-1.375       0.046875    0.05078125 -0.16796875 -1.24804688  0.07421875
  0.078125   -0.02148438 -0.03125     0.          0.         -0.22851562
  1.30859375  0.140625    1.41210938  0.0390625 ]"
