numObj,17
rangeIdx,[12 22  8  9 12 21 22  8  9 22  9  8  9 12 13 12 12]
range,"[0.5625   1.03125  0.375    0.421875 0.5625   0.984375 1.03125  0.375
 0.421875 1.03125  0.421875 0.375    0.421875 0.5625   0.609375 0.5625
 0.5625  ]"
dopplerIdx,[ 0  0  1  1  1  1  1  2  2  2 -2 -1 -1 -1 -1  1 -1]
doppler,"[ 0.          0.          0.12526054  0.12526054  0.12526054  0.12526054
  0.12526054  0.25052108  0.25052108  0.25052108 -0.25052108 -0.12526054
 -0.12526054 -0.12526054 -0.12526054  0.12526054 -0.12526054]"
peakVal,[  6  14 102 116  16  32  35  35  40  13  32  90 101  20  24  11  12]
x,"[-0.50976562 -0.09765625  0.046875    0.06640625  0.140625    0.
 -0.06445312  0.046875    0.05273438 -0.09765625  0.06640625  0.05859375
  0.06640625 -0.4921875  -0.4765625  -0.54492188  0.140625  ]"
y,"[0.23632812 1.02148438 0.36328125 0.40820312 0.41210938 0.9453125
 1.00585938 0.35742188 0.40234375 0.9921875  0.41601562 0.36914062
 0.41601562 0.24804688 0.38085938 0.         0.36914062]"
z,"[ 0.02539062  0.09570312  0.08203125  0.08398438  0.35742188  0.27539062
  0.21875     0.10351562  0.1171875   0.26757812  0.00390625  0.03515625
  0.03320312 -0.11132812 -0.015625   -0.15625     0.40039062]"
