numObj,12
rangeIdx,[ 8  9 29 12 29 12 13 28 29 12 12 13]
range,"[0.375    0.421875 1.359375 0.5625   1.359375 0.5625   0.609375 1.3125
 1.359375 0.5625   0.5625   0.609375]"
dopplerIdx,[ 0  0  0  1  1 -1 -1 -1 -1  1 -1 -1]
doppler,"[ 0.          0.          0.          0.12526054  0.12526054 -0.12526054
 -0.12526054 -0.12526054 -0.12526054  0.12526054 -0.12526054 -0.12526054]"
peakVal,[24 27  8  9  9 13 17 20 23  6  9 16]
x,"[ 0.0703125   0.08007812  0.42578125 -0.5625      0.42578125 -0.52734375
 -0.38085938  0.41015625  0.46679688 -0.22851562 -0.19335938 -0.609375  ]"
y,"[0.36328125 0.40820312 1.23046875 0.         1.20117188 0.17773438
 0.46875    1.21484375 1.23828125 0.49414062 0.45898438 0.        ]"
z,"[ 0.0625      0.06835938  0.39453125 -0.09375     0.4765625  -0.08398438
  0.07617188  0.28515625  0.31054688 -0.140625   -0.25976562 -0.1953125 ]"
