numObj,23
rangeIdx,[ 7  8  9 10  7  8  9 10 12  8  9 10  8  9  9  8  9 10  7  8  9 10 12]
range,"[0.328125 0.375    0.421875 0.46875  0.328125 0.375    0.421875 0.46875
 0.5625   0.375    0.421875 0.46875  0.375    0.421875 0.421875 0.375
 0.421875 0.46875  0.328125 0.375    0.421875 0.46875  0.5625  ]"
dopplerIdx,[ 0  0  0  0  1  1  1  1  1  2  2  2  3  3 -3 -2 -2 -2 -1 -1 -1 -1  1]
doppler,"[ 0.          0.          0.          0.          0.12526054  0.12526054
  0.12526054  0.12526054  0.12526054  0.25052108  0.25052108  0.25052108
  0.37578163  0.37578163 -0.37578163 -0.25052108 -0.25052108 -0.25052108
 -0.12526054 -0.12526054 -0.12526054 -0.12526054  0.12526054]"
peakVal,"[ 13  39  43  16  42 130 144  54  14  46  51  19   8   9   7  40  44  16
  38 116 128  47   8]"
x,"[-0.02148438 -0.0234375  -0.02734375 -0.04492188 -0.02148438 -0.0234375
 -0.02734375 -0.04492188 -0.05273438 -0.03515625 -0.0390625  -0.05859375
 -0.046875   -0.05273438 -0.01367188 -0.0234375  -0.02734375 -0.04492188
 -0.02148438 -0.0234375  -0.02734375 -0.04492188  0.29882812]"
y,"[0.32421875 0.3671875  0.4140625  0.45507812 0.31640625 0.36132812
 0.40625    0.44921875 0.54296875 0.35351562 0.39648438 0.43164062
 0.33398438 0.38476562 0.41992188 0.37304688 0.41992188 0.46289062
 0.32421875 0.36914062 0.41601562 0.45898438 0.41992188]"
z,"[ 0.04882812  0.07617188  0.08007812  0.10351562  0.0859375   0.09960938
  0.11328125  0.12890625  0.13867188  0.11914062  0.13867188  0.171875
  0.1640625   0.1640625   0.03125     0.03515625  0.04101562  0.05859375
  0.05273438  0.05859375  0.06445312  0.08203125 -0.22460938]"
