numObj,19
rangeIdx,[ 8  9 12 28 29  8  9  8  9  9  8  9  8  9 12 28 29 12 12]
range,"[0.375    0.421875 0.5625   1.3125   1.359375 0.375    0.421875 0.375
 0.421875 0.421875 0.375    0.421875 0.375    0.421875 0.5625   1.3125
 1.359375 0.5625   0.5625  ]"
dopplerIdx,[ 1  1  1  1  1  2  2  3  3 -3 -2 -2 -1 -1 -1 -1 -1  1 -1]
doppler,"[ 0.12526054  0.12526054  0.12526054  0.12526054  0.12526054  0.25052108
  0.25052108  0.37578163  0.37578163 -0.37578163 -0.25052108 -0.25052108
 -0.12526054 -0.12526054 -0.12526054 -0.12526054 -0.12526054  0.12526054
 -0.12526054]"
peakVal,"[128 146  17  11  12  43  48   9  10   9  34  38 105 121  14  23  22  14
  11]"
x,"[0.08203125 0.09179688 0.12304688 0.45117188 0.46679688 0.08203125
 0.09179688 0.0703125  0.08007812 0.09179688 0.09375    0.09179688
 0.09375    0.10546875 0.12304688 0.4921875  0.50976562 0.31640625
 0.33398438]"
y,"[0.35546875 0.40039062 0.54492188 1.1953125  1.23242188 0.34960938
 0.39453125 0.34765625 0.38867188 0.41210938 0.36328125 0.41210938
 0.36132812 0.40625    0.54882812 1.21289062 1.2578125  0.4375
 0.45117188]"
z,"[0.08398438 0.09375    0.0625     0.30273438 0.33203125 0.10546875
 0.1171875  0.125      0.14453125 0.00585938 0.01367188 0.01367188
 0.03320312 0.0390625  0.01757812 0.10351562 0.08984375 0.16015625
 0.02929688]"
