numObj,12
rangeIdx,[ 8  9 12  8  9  9  8  9 12 13 12 12]
range,"[0.375    0.421875 0.5625   0.375    0.421875 0.421875 0.375    0.421875
 0.5625   0.609375 0.5625   0.5625  ]"
dopplerIdx,[ 1  1  1  2  2 -2 -1 -1 -1 -1  1 -1]
doppler,"[ 0.12526054  0.12526054  0.12526054  0.25052108  0.25052108 -0.25052108
 -0.12526054 -0.12526054 -0.12526054 -0.12526054  0.12526054 -0.12526054]"
peakVal,[81 93 14 27 31 26 72 81 13 17 11 12]
x,"[ 0.09375     0.10546875  0.12304688  0.09375     0.10546875  0.10546875
  0.09375     0.10546875  0.140625   -0.38085938  0.45703125  0.47460938]"
y,"[0.35742188 0.40234375 0.50390625 0.34960938 0.3984375  0.40820312
 0.36132812 0.40820312 0.51953125 0.47460938 0.         0.        ]"
z,"[0.06835938 0.06835938 0.21679688 0.09765625 0.09375    0.
 0.02539062 0.01953125 0.16015625 0.01367188 0.52734375 0.38671875]"
