numObj,4
rangeIdx,[9 8 9 9]
range,[0.421875 0.375    0.421875 0.421875]
dopplerIdx,[ 1 -1 -1 -1]
doppler,[ 0.12526054 -0.12526054 -0.12526054 -0.12526054]
peakVal,[39 22 26 16]
x,[-0.0390625  -0.0234375  -0.0390625   0.35546875]
y,[0.39648438 0.36523438 0.41210938 0.18945312]
z,[0.13867188 0.08007812 0.08398438 0.12304688]
