numObj,10
rangeIdx,[ 8  9  8  9 10  9  9  8  9 10]
range,"[0.375    0.421875 0.375    0.421875 0.46875  0.421875 0.421875 0.375
 0.421875 0.46875 ]"
dopplerIdx,[ 0  0  1  1  1  2 -2 -1 -1 -1]
doppler,"[ 0.          0.          0.12526054  0.12526054  0.12526054  0.25052108
 -0.25052108 -0.12526054 -0.12526054 -0.12526054]"
peakVal,[13 14 31 36 14 10  9 31 35 13]
x,"[-0.0234375  -0.0390625  -0.03515625 -0.0390625  -0.05859375 -0.0390625
 -0.0390625  -0.0234375  -0.02734375 -0.05859375]"
y,"[0.3671875  0.4140625  0.35742188 0.40039062 0.43945312 0.39453125
 0.41796875 0.37109375 0.41796875 0.45898438]"
z,"[0.07617188 0.07617188 0.109375   0.12695312 0.15039062 0.14648438
 0.04101562 0.04882812 0.046875   0.07226562]"
