numObj,10
rangeIdx,[ 8  9  8  9 26 27  8  9  8  9]
range,"[0.375    0.421875 0.375    0.421875 1.21875  1.265625 0.375    0.421875
 0.375    0.421875]"
dopplerIdx,[ 1  1 -1 -1 -1 -1  1  1 -1 -1]
doppler,"[ 0.12526054  0.12526054 -0.12526054 -0.12526054 -0.12526054 -0.12526054
  0.12526054  0.12526054 -0.12526054 -0.12526054]"
peakVal,[21 24 21 24 22 18 16 17 14 15]
x,"[-0.046875   -0.05273438 -0.046875   -0.0390625   0.11523438  0.15820312
  0.1875      0.19726562  0.1875      0.2109375 ]"
y,"[0.3359375  0.37695312 0.35546875 0.40039062 1.203125   1.23242188
 0.16992188 0.18945312 0.05664062 0.06445312]"
z,"[ 0.15820312  0.1796875   0.11132812  0.12890625  0.16015625  0.23632812
 -0.27734375 -0.32226562 -0.3203125  -0.359375  ]"
