numObj,5
rangeIdx,[12 12 13 12 12]
range,[0.5625   0.5625   0.609375 0.5625   0.5625  ]
dopplerIdx,[ 1 -1 -1  1 -1]
doppler,[ 0.12526054 -0.12526054 -0.12526054  0.12526054 -0.12526054]
peakVal,[10 13 18  9 11]
x,[-0.3515625  -0.3515625  -0.4375      0.52734375 -0.5625    ]
y,[0.4375     0.43554688 0.421875   0.         0.        ]
z,[ 0.0390625  -0.0546875  -0.03710938  0.38476562  0.31640625]
