numObj,17
rangeIdx,[ 8  9  8  9 10 26  8  9  9  8  9  8  9 12 26 27 12]
range,"[0.375    0.421875 0.375    0.421875 0.46875  1.21875  0.375    0.421875
 0.421875 0.375    0.421875 0.375    0.421875 0.5625   1.21875  1.265625
 0.5625  ]"
dopplerIdx,[ 0  0  1  1  1  1  2  2 -3 -2 -2 -1 -1 -1 -1 -1 -1]
doppler,"[ 0.          0.          0.12526054  0.12526054  0.12526054  0.12526054
  0.25052108  0.25052108 -0.37578163 -0.25052108 -0.25052108 -0.12526054
 -0.12526054 -0.12526054 -0.12526054 -0.12526054 -0.12526054]"
peakVal,[ 10  10 103 114  43  14  33  37   9  39  43 118 128  13  24  18  11]
x,"[ 0.          0.         -0.0234375  -0.02734375 -0.02929688  0.11523438
 -0.0234375  -0.02734375  0.         -0.01171875 -0.01367188 -0.0234375
 -0.02734375 -0.03515625  0.11523438  0.11914062 -0.22851562]"
y,"[0.37109375 0.41796875 0.36132812 0.40625    0.44921875 1.1640625
 0.3515625  0.39648438 0.421875   0.37304688 0.41992188 0.37109375
 0.41796875 0.55664062 1.19726562 1.24023438 0.49609375]"
z,"[ 0.0546875   0.0625      0.09960938  0.11328125  0.12890625  0.34375
  0.125       0.14257812  0.015625    0.02734375  0.02929688  0.04882812
  0.0546875   0.07617188  0.203125    0.22070312 -0.1328125 ]"
