numObj,27
rangeIdx,"[ 8  9  7  8  9 10 12 23  8  9 10  8  9  8  9  7  8  9 10  7  8  9 10 12
 23 12 12]"
range,"[0.375    0.421875 0.328125 0.375    0.421875 0.46875  0.5625   1.078125
 0.375    0.421875 0.46875  0.375    0.421875 0.375    0.421875 0.328125
 0.375    0.421875 0.46875  0.328125 0.375    0.421875 0.46875  0.5625
 1.078125 0.5625   0.5625  ]"
dopplerIdx,"[ 0  0  1  1  1  1  1  1  2  2  2  3  3 -3 -3 -2 -2 -2 -2 -1 -1 -1 -1 -1
 -1  1 -1]"
doppler,"[ 0.          0.          0.12526054  0.12526054  0.12526054  0.12526054
  0.12526054  0.12526054  0.25052108  0.25052108  0.25052108  0.37578163
  0.37578163 -0.37578163 -0.37578163 -0.25052108 -0.25052108 -0.25052108
 -0.25052108 -0.12526054 -0.12526054 -0.12526054 -0.12526054 -0.12526054
 -0.12526054  0.12526054 -0.12526054]"
peakVal,"[ 46  51  74 230 254  94  24  21  76  84  31  17  19  18  19  32 104 114
  42  97 304 335 125  33  34  14  20]"
x,"[-0.0234375  -0.02734375 -0.02148438 -0.0234375  -0.02734375 -0.02929688
 -0.05273438 -0.06835938 -0.0234375  -0.02734375 -0.04492188 -0.03515625
 -0.0390625  -0.01171875  0.         -0.02148438 -0.01171875 -0.02734375
 -0.02929688 -0.02148438 -0.0234375  -0.02734375 -0.02929688 -0.03515625
 -0.03320312 -0.22851562 -0.22851562]"
y,"[0.36523438 0.41210938 0.31445312 0.36132812 0.40625    0.44726562
 0.53710938 1.03710938 0.3515625  0.39648438 0.43945312 0.34570312
 0.39648438 0.375      0.421875   0.32617188 0.37304688 0.41992188
 0.46484375 0.32421875 0.37109375 0.41601562 0.4609375  0.5546875
 1.06445312 0.49609375 0.4609375 ]"
z,"[ 0.078125    0.08789062  0.08984375  0.1015625   0.11328125  0.13476562
  0.15625     0.2890625   0.12890625  0.14257812  0.15820312  0.140625
  0.13867188  0.00585938  0.0078125   0.02734375  0.03320312  0.03515625
  0.046875    0.05078125  0.0546875   0.06054688  0.078125    0.08203125
  0.16601562 -0.13867188 -0.22851562]"
