numObj,6
rangeIdx,[12 13 12 13 12 12]
range,[0.5625   0.609375 0.5625   0.609375 0.5625   0.5625  ]
dopplerIdx,[ 1  1 -1 -1  1 -1]
doppler,[ 0.12526054  0.12526054 -0.12526054 -0.12526054  0.12526054 -0.12526054]
peakVal,[10 14 14 20  6  8]
x,[-0.33398438 -0.40039062 -0.33398438 -0.38085938 -0.17578125 -0.15820312]
y,[0.42578125 0.44140625 0.43945312 0.47265625 0.53125    0.51757812]
z,[ 0.15429688  0.125       0.10546875  0.05273438 -0.05664062 -0.15625   ]
