numObj,6
rangeIdx,[8 9 8 9 8 9]
range,[0.375    0.421875 0.375    0.421875 0.375    0.421875]
dopplerIdx,[ 0  0  1  1 -1 -1]
doppler,[ 0.          0.          0.12526054  0.12526054 -0.12526054 -0.12526054]
peakVal,[14 15 16 18 14 15]
x,[-0.0234375  -0.0390625  -0.03515625 -0.0390625  -0.0234375  -0.0390625 ]
y,[0.3671875  0.41210938 0.36132812 0.41210938 0.3671875  0.41210938]
z,[0.07226562 0.078125   0.09179688 0.078125   0.07421875 0.078125  ]
