numObj,23
rangeIdx,[ 8  9  7  8  9 10 12 26  8  9 10  8  9  9  7  8  9 10  7  8  9 10 12]
range,"[0.375    0.421875 0.328125 0.375    0.421875 0.46875  0.5625   1.21875
 0.375    0.421875 0.46875  0.375    0.421875 0.421875 0.328125 0.375
 0.421875 0.46875  0.328125 0.375    0.421875 0.46875  0.5625  ]"
dopplerIdx,[ 0  0  1  1  1  1  1  1  2  2  2  3  3 -3 -2 -2 -2 -2 -1 -1 -1 -1  1]
doppler,"[ 0.          0.          0.12526054  0.12526054  0.12526054  0.12526054
  0.12526054  0.12526054  0.25052108  0.25052108  0.25052108  0.37578163
  0.37578163 -0.37578163 -0.25052108 -0.25052108 -0.25052108 -0.25052108
 -0.12526054 -0.12526054 -0.12526054 -0.12526054  0.12526054]"
peakVal,"[ 16  17  41 130 144  54  14   8  43  48  18   9  10   9  12  37  40  15
  36 113 126  47   8]"
x,"[-0.0234375  -0.0390625  -0.02148438 -0.0234375  -0.02734375 -0.04492188
 -0.05273438  0.0390625  -0.03515625 -0.0390625  -0.04492188 -0.046875
 -0.05273438  0.         -0.00976562 -0.01171875 -0.02734375 -0.04492188
 -0.02148438 -0.0234375  -0.02734375 -0.04492188  0.28125   ]"
y,"[0.3671875  0.41210938 0.31445312 0.36132812 0.40429688 0.44726562
 0.5390625  1.1953125  0.3515625  0.39453125 0.43359375 0.34570312
 0.38671875 0.421875   0.328125   0.37304688 0.41992188 0.46289062
 0.32226562 0.37109375 0.41601562 0.45898438 0.43945312]"
z,"[ 0.0703125   0.078125    0.08984375  0.09960938  0.11523438  0.1328125
  0.15429688  0.23632812  0.125       0.14453125  0.171875    0.13671875
  0.16210938  0.02734375  0.015625    0.03320312  0.03320312  0.05664062
  0.05273438  0.0546875   0.06054688  0.08203125 -0.20898438]"
