numObj,11
rangeIdx,[ 8  9 10  8  9  9  8  9  8  9 10]
range,"[0.375    0.421875 0.46875  0.375    0.421875 0.421875 0.375    0.421875
 0.375    0.421875 0.46875 ]"
dopplerIdx,[ 0  0  0  1  1  2 -2 -2 -1 -1 -1]
doppler,"[ 0.          0.          0.          0.12526054  0.12526054  0.25052108
 -0.25052108 -0.25052108 -0.12526054 -0.12526054 -0.12526054]"
peakVal,[16 17  7 22 25  9  8 10 22 25 10]
x,"[-0.0234375  -0.0390625  -0.05859375 -0.03515625 -0.0390625  -0.05273438
  0.         -0.02734375 -0.03515625 -0.0390625  -0.04492188]"
y,"[0.3671875  0.41210938 0.45117188 0.36132812 0.40625    0.40429688
 0.37109375 0.41796875 0.36914062 0.4140625  0.45703125]"
z,"[0.06835938 0.08398438 0.11132812 0.09765625 0.10546875 0.109375
 0.05273438 0.04492188 0.05859375 0.07226562 0.09179688]"
