numObj,3
rangeIdx,[9 8 9]
range,[0.421875 0.375    0.421875]
dopplerIdx,[ 1 -1 -1]
doppler,[ 0.12526054 -0.12526054 -0.12526054]
peakVal,[27 23 28]
x,[0.0390625  0.03515625 0.0390625 ]
y,[0.40039062 0.36914062 0.4140625 ]
z,[0.12890625 0.05273438 0.06640625]
