numObj,15
rangeIdx,[ 9  8  9 10 12  8  9 10  9  8  9  8  9 10 12]
range,"[0.421875 0.375    0.421875 0.46875  0.5625   0.375    0.421875 0.46875
 0.421875 0.375    0.421875 0.375    0.421875 0.46875  0.5625  ]"
dopplerIdx,[ 0  1  1  1  1  2  2  2  3 -2 -2 -1 -1 -1 -1]
doppler,"[ 0.          0.12526054  0.12526054  0.12526054  0.12526054  0.25052108
  0.25052108  0.25052108  0.37578163 -0.25052108 -0.25052108 -0.12526054
 -0.12526054 -0.12526054 -0.12526054]"
peakVal,[ 25  96 140  74  14  32  46  25   8  25  37  80 116  60  12]
x,"[-0.06640625 -0.0703125  -0.08007812 -0.08789062 -0.10546875 -0.0703125
 -0.08007812 -0.08789062 -0.09179688 -0.05859375 -0.06640625 -0.05859375
 -0.06640625 -0.08789062 -0.10546875]"
y,"[0.41601562 0.36523438 0.41015625 0.45507812 0.53710938 0.36132812
 0.40429688 0.44921875 0.3984375  0.36914062 0.41601562 0.37109375
 0.41601562 0.4609375  0.55078125]"
z,"[ 0.03710938  0.05078125  0.0625      0.0703125   0.13085938  0.07421875
  0.08789062  0.09960938  0.10546875 -0.0234375  -0.01171875  0.00585938
  0.00976562  0.00195312  0.03320312]"
