numObj,11
rangeIdx,[ 8  9 10  8  9  8  9  8  9  8  9]
range,"[0.375    0.421875 0.46875  0.375    0.421875 0.375    0.421875 0.375
 0.421875 0.375    0.421875]"
dopplerIdx,[ 0  0  0  1  1  2  2 -2 -2 -1 -1]
doppler,"[ 0.          0.          0.          0.12526054  0.12526054  0.25052108
  0.25052108 -0.25052108 -0.25052108 -0.12526054 -0.12526054]"
peakVal,[26 35 18 43 59 16 22 15 21 41 57]
x,"[0.03515625 0.0390625  0.04492188 0.046875   0.05273438 0.03515625
 0.0390625  0.03515625 0.05273438 0.03515625 0.0390625 ]"
y,"[0.37109375 0.41601562 0.46289062 0.3671875  0.4140625  0.359375
 0.40625    0.37304688 0.41796875 0.37304688 0.41796875]"
z,"[0.04492188 0.05078125 0.05273438 0.06445312 0.06835938 0.1015625
 0.10351562 0.015625   0.01757812 0.02929688 0.03710938]"
