numObj,23
rangeIdx,[ 8  9  8  9 10 12 29  8  9 10  8  9  8  9  8  9 10  8  9 10 12 12 12]
range,"[0.375    0.421875 0.375    0.421875 0.46875  0.5625   1.359375 0.375
 0.421875 0.46875  0.375    0.421875 0.375    0.421875 0.375    0.421875
 0.46875  0.375    0.421875 0.46875  0.5625   0.5625   0.5625  ]"
dopplerIdx,[ 0  0  1  1  1  1  1  2  2  2  3  3 -3 -3 -2 -2 -2 -1 -1 -1 -1  1 -1]
doppler,"[ 0.          0.          0.12526054  0.12526054  0.12526054  0.12526054
  0.12526054  0.25052108  0.25052108  0.25052108  0.37578163  0.37578163
 -0.37578163 -0.37578163 -0.25052108 -0.25052108 -0.25052108 -0.12526054
 -0.12526054 -0.12526054 -0.12526054  0.12526054 -0.12526054]"
peakVal,"[ 34  47 216 304 158  25   9  75 105  54  13  20  12  17  51  71  37 161
 224 114  17  16  13]"
x,"[ 0.03515625  0.0390625   0.03515625  0.0390625   0.04492188  0.03515625
  0.33984375  0.03515625  0.0390625   0.02929688  0.01171875  0.02734375
  0.03515625  0.0390625   0.03515625  0.0390625   0.04492188  0.03515625
  0.0390625   0.04492188  0.03515625 -0.19335938 -0.15820312]"
y,"[0.37109375 0.41796875 0.36914062 0.4140625  0.4609375  0.56054688
 1.22851562 0.36328125 0.40820312 0.45507812 0.359375   0.40234375
 0.37109375 0.41992188 0.37304688 0.41992188 0.46679688 0.37304688
 0.41992188 0.46679688 0.5546875  0.52539062 0.53710938]"
z,"[ 0.0390625   0.04296875  0.06054688  0.0703125   0.07421875 -0.0078125
  0.47265625  0.08398438  0.09960938  0.10742188  0.10742188  0.12304688
 -0.04296875 -0.02929688 -0.015625   -0.015625   -0.0234375   0.01171875
  0.015625    0.01367188 -0.0859375   0.046875   -0.05078125]"
