numObj,4
rangeIdx,[12 12 12 12]
range,[0.5625 0.5625 0.5625 0.5625]
dopplerIdx,[ 1 -1  1 -1]
doppler,[ 0.12526054 -0.12526054  0.12526054 -0.12526054]
peakVal,[ 8 10  8 10]
x,[0.08789062 0.10546875 0.36914062 0.38671875]
y,[0.54882812 0.54882812 0.41210938 0.40625   ]
z,[0.08203125 0.05664062 0.10351562 0.04492188]
