numObj,26
rangeIdx,"[ 8  9 12  8  9 10 12  8  9 10 12  8  9 10  9  8  9 10  8  9 10  8  9 10
 12 12]"
range,"[0.375    0.421875 0.5625   0.375    0.421875 0.46875  0.5625   0.375
 0.421875 0.46875  0.5625   0.375    0.421875 0.46875  0.421875 0.375
 0.421875 0.46875  0.375    0.421875 0.46875  0.375    0.421875 0.46875
 0.5625   0.5625  ]"
dopplerIdx,"[ 0  0  0  1  1  1  1  2  2  2  2  3  3  3  4 -3 -3 -3 -2 -2 -2 -1 -1 -1
 -1  1]"
doppler,"[ 0.          0.          0.          0.12526054  0.12526054  0.12526054
  0.12526054  0.25052108  0.25052108  0.25052108  0.25052108  0.37578163
  0.37578163  0.37578163  0.50104217 -0.37578163 -0.37578163 -0.37578163
 -0.25052108 -0.25052108 -0.25052108 -0.12526054 -0.12526054 -0.12526054
 -0.12526054  0.12526054]"
peakVal,"[ 74 104   8 328 465 247  34 112 159  85  11  20  29  15  10  17  24  13
  63  91  48 202 288 155  24  34]"
x,"[-0.0234375  -0.02734375  0.         -0.0234375  -0.02734375 -0.04492188
  0.01757812 -0.03515625 -0.0390625  -0.02929688  0.         -0.046875
 -0.0390625  -0.04492188 -0.0390625  -0.0234375  -0.02734375 -0.02929688
 -0.0234375  -0.01367188 -0.015625   -0.0234375  -0.01367188 -0.02929688
  0.10546875  0.05273438]"
y,"[0.37304688 0.41992188 0.55664062 0.37109375 0.41796875 0.46289062
 0.54492188 0.3671875  0.41210938 0.45703125 0.54101562 0.35742188
 0.40429688 0.44726562 0.40820312 0.36914062 0.41796875 0.46289062
 0.37304688 0.421875   0.46875    0.375      0.421875   0.46679688
 0.54296875 0.53515625]"
z,"[ 0.02539062  0.02929688  0.07617188  0.05078125  0.05859375  0.0625
  0.13671875  0.0703125   0.08203125  0.09960938  0.15820312  0.1015625
  0.11328125  0.13671875  0.1015625  -0.06445312 -0.05273438 -0.0625
 -0.02148438 -0.01757812 -0.00976562  0.00195312  0.00976562  0.00976562
  0.10546875  0.1640625 ]"
