numObj,7
rangeIdx,[33 34 33 33 34 34 34]
range,[1.546875 1.59375  1.546875 1.546875 1.59375  1.59375  1.59375 ]
dopplerIdx,[ 0  0 -2 -1 -1  0 -1]
doppler,"[ 0.          0.         -0.25052108 -0.12526054 -0.12526054  0.
 -0.12526054]"
peakVal,[21 11 18 40 21  8 16]
x,"[-0.14453125 -0.09960938  0.         -0.09765625 -0.15039062  0.74804688
  0.74804688]"
y,"[1.45507812 1.47460938 1.515625   1.49804688 1.50976562 0.95898438
 0.9375    ]"
z,"[ 0.50390625  0.59765625  0.3125      0.37695312  0.49023438 -1.03125
 -1.05078125]"
