numObj,12
rangeIdx,[32 33 34 35  8  9 33  8 32 33 34 35]
range,"[1.5      1.546875 1.59375  1.640625 0.375    0.421875 1.546875 0.375
 1.5      1.546875 1.59375  1.640625]"
dopplerIdx,[ 0  0  0  0  1  1 -2 -1 -1 -1 -1 -1]
doppler,"[ 0.          0.          0.          0.          0.12526054  0.12526054
 -0.25052108 -0.12526054 -0.12526054 -0.12526054 -0.12526054 -0.12526054]"
peakVal,[11 15 13 10 22 17 12 22 24 32 27 22]
x,"[ 0.         -0.04882812 -0.09960938 -0.20507812  0.          0.
  0.          0.          0.          0.         -0.09960938 -0.15429688]"
y,"[1.45898438 1.45898438 1.51953125 1.55664062 0.36328125 0.40820312
 1.51953125 0.36914062 1.4765625  1.50585938 1.52929688 1.58398438]"
z,"[0.34960938 0.50976562 0.47265625 0.47460938 0.09570312 0.10546875
 0.2890625  0.06835938 0.26757812 0.35351562 0.43554688 0.39648438]"
