numObj,8
rangeIdx,[33 35 36 36 32 33 35 36]
range,[1.546875 1.640625 1.6875   1.6875   1.5      1.546875 1.640625 1.6875  ]
dopplerIdx,[ 0  0  0 -2 -1 -1 -1 -1]
doppler,"[ 0.          0.          0.         -0.25052108 -0.12526054 -0.12526054
 -0.12526054 -0.12526054]"
peakVal,[12 10 12 11 27 28 18 22]
x,"[0.         0.         0.         0.         0.         0.
 0.05078125 0.05273438]"
y,"[1.34960938 0.85742188 1.04296875 0.75976562 1.33203125 1.41992188
 0.79101562 0.84960938]"
z,"[ 0.75585938 -1.3984375  -1.32617188 -1.5078125   0.68945312  0.61523438
 -1.4375     -1.45703125]"
