numObj,2
rangeIdx,[8 8]
range,[0.375 0.375]
dopplerIdx,[ 1 -1]
doppler,[ 0.12526054 -0.12526054]
peakVal,[17 16]
x,[0. 0.]
y,[0.3671875  0.37109375]
z,[0.07226562 0.05078125]
