numObj,18
rangeIdx,[21 22 21 22 21 22 21 22  8  8 21 22  7  8 21 22 28 29]
range,"[0.984375 1.03125  0.984375 1.03125  0.984375 1.03125  0.984375 1.03125
 0.375    0.375    0.984375 1.03125  0.328125 0.375    0.984375 1.03125
 1.3125   1.359375]"
dopplerIdx,[ 0  0  1  1  2  2  3  3 -3 -2 -2 -2 -1 -1 -1 -1 -1 -1]
doppler,"[ 0.          0.          0.12526054  0.12526054  0.25052108  0.25052108
  0.37578163  0.37578163 -0.37578163 -0.25052108 -0.25052108 -0.25052108
 -0.12526054 -0.12526054 -0.12526054 -0.12526054 -0.12526054 -0.12526054]"
peakVal,[150 145 349 331 136 131  14  14  13  65  30  29  95 195  90  86  20  17]
x,"[0.         0.         0.         0.         0.         0.
 0.         0.         0.01171875 0.01171875 0.         0.
 0.         0.         0.         0.         0.         0.        ]"
y,"[0.94921875 0.99804688 0.9296875  0.97851562 0.90625    0.953125
 0.89453125 0.94921875 0.375      0.375      0.97265625 1.0234375
 0.32617188 0.37304688 0.96289062 1.01367188 1.30664062 1.35546875]"
z,"[ 0.25976562  0.2578125   0.32226562  0.32421875  0.38476562  0.39257812
  0.41015625  0.40234375 -0.01367188  0.01367188  0.15429688  0.12304688
  0.03515625  0.03710938  0.203125    0.18945312  0.13085938  0.09765625]"
