numObj,12
rangeIdx,[32 33 34 32 33 32 33 34 35 34 33 34]
range,"[1.5      1.546875 1.59375  1.5      1.546875 1.5      1.546875 1.59375
 1.640625 1.59375  1.546875 1.59375 ]"
dopplerIdx,[ 0  0  0 -2 -2 -1 -1 -1 -1  0 -2 -1]
doppler,"[ 0.          0.          0.         -0.25052108 -0.25052108 -0.12526054
 -0.12526054 -0.12526054 -0.12526054  0.         -0.25052108 -0.12526054]"
peakVal,[18 21 11 14 17 34 40 20 17  6  9 11]
x,"[-0.09375    -0.09765625 -0.15039062 -0.09375    -0.09765625 -0.09375
 -0.09765625 -0.19921875 -0.20507812 -0.69726562 -0.62890625 -0.69726562]"
y,"[1.421875   1.47265625 1.51367188 1.46875    1.51757812 1.44726562
 1.49414062 1.49414062 1.59765625 0.80078125 0.68164062 0.59570312]"
z,"[ 0.46679688  0.46679688  0.4765625   0.29296875  0.2890625   0.38671875
  0.38671875  0.51757812  0.31445312 -1.18945312 -1.23828125 -1.30273438]"
