numObj,33
rangeIdx,"[12 22 34 35 36  8 12 22 34 35 36  8 12 22 34 36  8  9 22  8  8  9 22  8
  9 22 23  8  9 12 21 22 23]"
range,"[0.5625   1.03125  1.59375  1.640625 1.6875   0.375    0.5625   1.03125
 1.59375  1.640625 1.6875   0.375    0.5625   1.03125  1.59375  1.6875
 0.375    0.421875 1.03125  0.375    0.375    0.421875 1.03125  0.375
 0.421875 1.03125  1.078125 0.375    0.421875 0.5625   0.984375 1.03125
 1.078125]"
dopplerIdx,"[ 0  0  0  0  0  1  1  1  1  1  1  2  2  2  2  2  3  3  3  4 -3 -3 -3 -2
 -2 -2 -2 -1 -1 -1 -1 -1 -1]"
doppler,"[ 0.          0.          0.          0.          0.          0.12526054
  0.12526054  0.12526054  0.12526054  0.12526054  0.12526054  0.25052108
  0.25052108  0.25052108  0.25052108  0.25052108  0.37578163  0.37578163
  0.37578163  0.50104217 -0.37578163 -0.37578163 -0.37578163 -0.25052108
 -0.25052108 -0.25052108 -0.25052108 -0.12526054 -0.12526054 -0.12526054
 -0.12526054 -0.12526054 -0.12526054]"
peakVal,"[ 16 200  19  14  19 714  57 433  37  27  36 249  21 175  18  17  41  39
  15  12  31  29  10 119 112  29  17 372 351  29  43  84  48]"
x,"[ 0.03515625  0.          0.09960938  0.          0.          0.
  0.01757812  0.          0.09960938  0.          0.         -0.01171875
  0.          0.          0.09960938  0.          0.          0.
  0.          0.          0.01171875  0.01367188  0.03320312  0.01171875
  0.01367188  0.          0.03320312  0.01171875  0.01367188  0.01757812
  0.          0.03320312  0.        ]"
y,"[0.546875   0.99414062 1.55859375 1.61328125 1.65429688 0.3671875
 0.54101562 0.97460938 1.53320312 1.5859375  1.63476562 0.36132812
 0.52929688 0.95117188 1.48632812 1.60351562 0.35351562 0.40234375
 0.92773438 0.33984375 0.375      0.421875   1.02539062 0.375
 0.421875   1.01953125 1.06445312 0.37304688 0.421875   0.55859375
 0.9609375  1.0078125  1.05273438]"
z,"[ 0.125       0.27148438  0.3203125   0.30078125  0.33007812  0.08007812
  0.15234375  0.33789062  0.421875    0.41796875  0.421875    0.10351562
  0.19335938  0.40039062  0.56835938  0.52539062  0.125       0.12695312
  0.44921875  0.16015625 -0.015625   -0.02539062  0.1015625   0.0078125
 -0.00390625  0.15039062  0.16796875  0.03125     0.0234375   0.06835938
  0.21484375  0.21289062  0.23828125]"
