numObj,32
rangeIdx,"[12 30 34 35 36  8 12 22 30 34 35  8 12 34  8  9 22  8  8  8  9  8  9 22
  8  9 12 21 22 23 24 25]"
range,"[0.5625   1.40625  1.59375  1.640625 1.6875   0.375    0.5625   1.03125
 1.40625  1.59375  1.640625 0.375    0.5625   1.59375  0.375    0.421875
 1.03125  0.375    0.375    0.375    0.421875 0.375    0.421875 1.03125
 0.375    0.421875 0.5625   0.984375 1.03125  1.078125 1.125    1.171875]"
dopplerIdx,"[ 0  0  0  0  0  1  1  1  1  1  1  2  2  2  3  3  3  4 -4 -3 -3 -2 -2 -2
 -1 -1 -1 -1 -1 -1 -1 -1]"
doppler,"[ 0.          0.          0.          0.          0.          0.12526054
  0.12526054  0.12526054  0.12526054  0.12526054  0.12526054  0.25052108
  0.25052108  0.25052108  0.37578163  0.37578163  0.37578163  0.50104217
 -0.50104217 -0.37578163 -0.37578163 -0.25052108 -0.25052108 -0.25052108
 -0.12526054 -0.12526054 -0.12526054 -0.12526054 -0.12526054 -0.12526054
 -0.12526054 -0.12526054]"
peakVal,"[ 20  49  30  22  19 834  67 366  92  54  41 299  24  27  46  42  13  12
  13  33  30 129 119  26 406 372  32  42  76  34  26  25]"
x,"[ 0.          0.          0.          0.          0.          0.
  0.03515625  0.          0.          0.         -0.05078125  0.
  0.01757812  0.          0.          0.          0.          0.
  0.          0.01171875  0.          0.01171875  0.01367188  0.03320312
  0.01171875  0.01367188  0.01757812  0.          0.03320312  0.
  0.03515625  0.        ]"
y,"[0.5546875  1.39453125 1.55273438 1.59375    1.55273438 0.3671875
 0.546875   0.95507812 1.38085938 1.52539062 1.56054688 0.36132812
 0.53515625 1.50976562 0.35546875 0.40234375 0.89453125 0.34179688
 0.37109375 0.375      0.41992188 0.375      0.421875   1.01757812
 0.37304688 0.421875   0.55859375 0.95703125 1.00195312 1.03515625
 1.12304688 1.16601562]"
z,"[ 0.09570312  0.17578125  0.359375    0.38671875  0.66210938  0.078125
  0.12890625  0.390625    0.26953125  0.45898438  0.50390625  0.1015625
  0.16992188  0.50976562  0.12109375  0.12695312  0.51171875  0.15429688
 -0.05273438 -0.01757812 -0.03320312  0.0078125  -0.00390625  0.16992188
  0.03125     0.0234375   0.06054688  0.23046875  0.24023438  0.3046875
  0.05664062  0.12695312]"
