numObj,37
rangeIdx,"[12 21 22 23  8 12 21 22 23  8 12 21 22  8  9 21 22  8  9  8  8  9 22  8
  9 21 22 23  7  8  9 12 21 22 23 24 25]"
range,"[0.5625   0.984375 1.03125  1.078125 0.375    0.5625   0.984375 1.03125
 1.078125 0.375    0.5625   0.984375 1.03125  0.375    0.421875 0.984375
 1.03125  0.375    0.421875 0.375    0.375    0.421875 1.03125  0.375
 0.421875 0.984375 1.03125  1.078125 0.328125 0.375    0.421875 0.5625
 0.984375 1.03125  1.078125 1.125    1.171875]"
dopplerIdx,"[ 0  0  0  0  1  1  1  1  1  2  2  2  2  3  3  3  3  4  4 -4 -3 -3 -3 -2
 -2 -2 -2 -2 -1 -1 -1 -1 -1 -1 -1 -1 -1]"
doppler,"[ 0.          0.          0.          0.          0.12526054  0.12526054
  0.12526054  0.12526054  0.12526054  0.25052108  0.25052108  0.25052108
  0.25052108  0.37578163  0.37578163  0.37578163  0.37578163  0.50104217
  0.50104217 -0.50104217 -0.37578163 -0.37578163 -0.37578163 -0.25052108
 -0.25052108 -0.25052108 -0.25052108 -0.25052108 -0.12526054 -0.12526054
 -0.12526054 -0.12526054 -0.12526054 -0.12526054 -0.12526054 -0.12526054
 -0.12526054]"
peakVal,"[ 17 191 278 132 835  59 389 582 265 296  21 165 246  47  41  12  17  14
  12  13  33  29  11 132 116  23  32  13 176 416 365  31  61  88  34  19
  19]"
x,"[0.01757812 0.         0.03320312 0.03320312 0.         0.01757812
 0.         0.         0.         0.         0.         0.
 0.         0.         0.         0.         0.         0.
 0.         0.         0.         0.         0.03320312 0.01171875
 0.01367188 0.03125    0.         0.         0.00976562 0.01171875
 0.01367188 0.03515625 0.         0.         0.         0.
 0.03710938]"
y,"[0.5546875  0.95507812 1.00390625 1.06054688 0.3671875  0.546875
 0.93554688 0.98828125 1.046875   0.36132812 0.53320312 0.91210938
 0.96484375 0.35351562 0.40234375 0.89257812 0.92578125 0.33398438
 0.37304688 0.37304688 0.375      0.41992188 1.02929688 0.375
 0.421875   0.97460938 1.0234375  1.07421875 0.32617188 0.37304688
 0.421875   0.56054688 0.96484375 1.01367188 1.0625     1.10351562
 1.13867188]"
z,"[ 0.09570312  0.23828125  0.23242188  0.1875      0.08007812  0.12890625
  0.3046875   0.296875    0.26171875  0.10351562  0.18164062  0.36914062
  0.36132812  0.12304688  0.12890625  0.4140625   0.45507812  0.16992188
  0.19726562 -0.03515625 -0.015625   -0.02929688  0.046875    0.00976562
 -0.00195312  0.14257812  0.125       0.09570312  0.03125     0.03125
  0.02539062  0.04492188  0.19335938  0.1875      0.1796875   0.22070312
  0.27148438]"
