numObj,3
rangeIdx,[ 8  9 33]
range,[0.375    0.421875 1.546875]
dopplerIdx,[ 0  0 -1]
doppler,[ 0.          0.         -0.12526054]
peakVal,[15 12 16]
x,[ 0.01171875  0.01367188 -0.14453125]
y,[0.36523438 0.41015625 1.29296875]
z,[0.08789062 0.1015625  0.83789062]
