numObj,7
rangeIdx,[32 33 34 33 32 33 34]
range,[1.5      1.546875 1.59375  1.546875 1.5      1.546875 1.59375 ]
dopplerIdx,[ 0  0  0 -2 -1 -1 -1]
doppler,"[ 0.          0.          0.         -0.25052108 -0.12526054 -0.12526054
 -0.12526054]"
peakVal,[10 14 11 13 22 31 25]
x,"[ 0.         -0.14453125  0.         -0.09765625 -0.09375    -0.09765625
 -0.05078125]"
y,"[1.40429688 1.50390625 1.58203125 1.5390625  1.47070312 1.53125
 1.58984375]"
z,"[0.52929688 0.3359375  0.19335938 0.11328125 0.28515625 0.203125
 0.08984375]"
