numObj,27
rangeIdx,"[21 22 32 33  8 21 22 33  8 21 22 33  8 21 22  8 21 22  7  8  9 21 22  7
  8 21 22]"
range,"[0.984375 1.03125  1.5      1.546875 0.375    0.984375 1.03125  1.546875
 0.375    0.984375 1.03125  1.546875 0.375    0.984375 1.03125  0.375
 0.984375 1.03125  0.328125 0.375    0.421875 0.984375 1.03125  0.328125
 0.375    0.984375 1.03125 ]"
dopplerIdx,"[ 0  0  0  0  1  1  1  1  2  2  2  2  3  3  3 -3 -3 -3 -2 -2 -2 -2 -2 -1
 -1 -1 -1]"
doppler,"[ 0.          0.          0.          0.          0.12526054  0.12526054
  0.12526054  0.12526054  0.25052108  0.25052108  0.25052108  0.25052108
  0.37578163  0.37578163  0.37578163 -0.37578163 -0.37578163 -0.37578163
 -0.25052108 -0.25052108 -0.25052108 -0.25052108 -0.25052108 -0.12526054
 -0.12526054 -0.12526054 -0.12526054]"
peakVal,"[ 87  87  19  23 384 259 264  45 132  94  94  21  25  14  14  21  10  10
  44  90  69  35  36 138 279 113 114]"
x,"[0.         0.         0.046875   0.09765625 0.         0.
 0.         0.09765625 0.         0.         0.         0.04882812
 0.         0.         0.         0.01171875 0.         0.03320312
 0.00976562 0.01171875 0.01367188 0.         0.         0.
 0.         0.         0.03320312]"
y,"[0.95507812 1.00195312 1.43164062 1.4453125  0.36523438 0.93554688
 0.98632812 1.41601562 0.359375   0.9140625  0.96484375 1.38671875
 0.34960938 0.90039062 0.92773438 0.375      0.984375   1.02929688
 0.328125   0.375      0.421875   0.98046875 1.02734375 0.32617188
 0.37304688 0.96875    1.01757812]"
z,"[ 0.2421875   0.2421875   0.44335938  0.54296875  0.08398438  0.3046875
  0.30273438  0.6171875   0.10742188  0.36523438  0.36523438  0.68554688
  0.13671875  0.3984375   0.45117188 -0.0234375   0.04492188  0.0390625
  0.015625    0.01171875  0.0078125   0.09765625  0.08203125  0.03320312
  0.03710938  0.171875    0.16601562]"
