numObj,12
rangeIdx,[33 34 35 33 33 34 35 32 33 34 35 36]
range,"[1.546875 1.59375  1.640625 1.546875 1.546875 1.59375  1.640625 1.5
 1.546875 1.59375  1.640625 1.6875  ]"
dopplerIdx,[ 0  0  0  1 -2 -2 -2 -1 -1 -1 -1 -1]
doppler,"[ 0.          0.          0.          0.12526054 -0.25052108 -0.25052108
 -0.25052108 -0.12526054 -0.12526054 -0.12526054 -0.12526054 -0.12526054]"
peakVal,[18 15 14  8 13 12 12 27 37 31 29 20]
x,"[-0.09765625 -0.09960938 -0.10351562  0.          0.         -0.15039062
 -0.15429688 -0.046875   -0.09765625 -0.09960938 -0.05078125 -0.05273438]"
y,"[1.50195312 1.51953125 1.59960938 1.4375     1.546875   1.57421875
 1.58398438 1.49023438 1.51953125 1.5546875  1.60742188 1.50195312]"
z,"[ 0.359375    0.46875    -0.34960938  0.5703125  -0.03125     0.20507812
 -0.3984375   0.16015625  0.2734375   0.3359375  -0.328125   -0.76757812]"
