numObj,34
rangeIdx,"[12 22 23 36 37  8  9 12 22 23 36 37  8  9 12 22 23 36 37  8  9 22 23  8
  9  8  9 22 23  8  9 12 22 23]"
range,"[0.5625   1.03125  1.078125 1.6875   1.734375 0.375    0.421875 0.5625
 1.03125  1.078125 1.6875   1.734375 0.375    0.421875 0.5625   1.03125
 1.078125 1.6875   1.734375 0.375    0.421875 1.03125  1.078125 0.375
 0.421875 0.375    0.421875 1.03125  1.078125 0.375    0.421875 0.5625
 1.03125  1.078125]"
dopplerIdx,"[ 0  0  0  0  0  1  1  1  1  1  1  1  2  2  2  2  2  2  2  3  3  3  3 -3
 -3 -2 -2 -2 -2 -1 -1 -1 -1 -1]"
doppler,"[ 0.          0.          0.          0.          0.          0.12526054
  0.12526054  0.12526054  0.12526054  0.12526054  0.12526054  0.12526054
  0.25052108  0.25052108  0.25052108  0.25052108  0.25052108  0.25052108
  0.25052108  0.37578163  0.37578163  0.37578163  0.37578163 -0.37578163
 -0.37578163 -0.25052108 -0.25052108 -0.25052108 -0.25052108 -0.12526054
 -0.12526054 -0.12526054 -0.12526054 -0.12526054]"
peakVal,"[ 11 106 100  18  16 415 464  52 283 260  39  35 142 158  18 105  98  16
  14  26  29  14  12  21  23  84  95  33  29 269 301  32 103  91]"
x,"[0.03515625 0.         0.         0.         0.         0.
 0.         0.03515625 0.         0.         0.         0.
 0.         0.         0.         0.         0.         0.
 0.         0.         0.         0.         0.         0.
 0.         0.01171875 0.01367188 0.         0.         0.
 0.         0.01757812 0.         0.        ]"
y,"[0.54882812 0.99804688 1.05078125 1.62695312 1.70703125 0.36523438
 0.41210938 0.54101562 0.9765625  1.02929688 1.61523438 1.67578125
 0.36132812 0.40625    0.53125    0.953125   1.0078125  1.55664062
 1.65820312 0.34960938 0.39648438 0.92382812 0.9765625  0.375
 0.421875   0.375      0.421875   1.01953125 1.07226562 0.37304688
 0.41992188 0.55664062 1.00976562 1.06054688]"
z,"[ 0.1171875   0.25976562  0.24023438  0.45117188  0.3046875   0.08203125
  0.0859375   0.1484375   0.33007812  0.31835938  0.48828125  0.44921875
  0.10351562  0.11132812  0.18359375  0.39648438  0.38085938  0.65234375
  0.51171875  0.13867188  0.14648438  0.45703125  0.45507812 -0.00195312
 -0.015625    0.00976562  0.00195312  0.15039062  0.11132812  0.03515625
  0.03320312  0.08398438  0.20703125  0.1953125 ]"
