numObj,9
rangeIdx,[ 9 12 13 12 13 12 13 12 13]
range,"[0.421875 0.5625   0.609375 0.5625   0.609375 0.5625   0.609375 0.5625
 0.609375]"
dopplerIdx,[ 0  1  1 -1 -1  1  1 -1 -1]
doppler,"[ 0.          0.12526054  0.12526054 -0.12526054 -0.12526054  0.12526054
  0.12526054 -0.12526054 -0.12526054]"
peakVal,[22 13  9 15 12 10  7 11  8]
x,"[-0.10546875  0.2109375   0.19140625  0.2109375   0.20898438  0.01757812
 -0.3046875   0.01757812 -0.3046875 ]"
y,"[0.40625    0.43945312 0.35351562 0.50195312 0.40625    0.55273438
 0.43164062 0.50585938 0.49023438]"
z,"[ 0.04101562  0.28125     0.45898438  0.140625    0.40234375 -0.10546875
  0.3046875  -0.24609375  0.19726562]"
