numObj,29
rangeIdx,"[ 8  9 12  8  9 10 12 22  8  9 10  8  9  9  9  8  9 10  8  9 10 12  8  9
 10 12 12 12 12]"
range,"[0.375    0.421875 0.5625   0.375    0.421875 0.46875  0.5625   1.03125
 0.375    0.421875 0.46875  0.375    0.421875 0.421875 0.421875 0.375
 0.421875 0.46875  0.375    0.421875 0.46875  0.5625   0.375    0.421875
 0.46875  0.5625   0.5625   0.5625   0.5625  ]"
dopplerIdx,"[ 0  0  0  1  1  1  1  1  2  2  2  3  3  4 -4 -3 -3 -3 -2 -2 -2 -2 -1 -1
 -1 -1  1 -2 -1]"
doppler,"[ 0.          0.          0.          0.12526054  0.12526054  0.12526054
  0.12526054  0.12526054  0.25052108  0.25052108  0.25052108  0.37578163
  0.37578163  0.50104217 -0.50104217 -0.37578163 -0.37578163 -0.37578163
 -0.25052108 -0.25052108 -0.25052108 -0.25052108 -0.12526054 -0.12526054
 -0.12526054 -0.12526054  0.12526054 -0.25052108 -0.12526054]"
peakVal,"[158 196  21 291 360 160  37  29  94 117  51  24  29  11  10  31  38  17
 193 242 108  25 549 685 301  71  20  13  36]"
x,"[0.03515625 0.0390625  0.03515625 0.03515625 0.0390625  0.05859375
 0.03515625 0.06445312 0.03515625 0.0390625  0.04492188 0.0234375
 0.02734375 0.01367188 0.0390625  0.046875   0.05273438 0.05859375
 0.046875   0.05273438 0.05859375 0.05273438 0.046875   0.05273438
 0.05859375 0.03515625 0.22851562 0.26367188 0.24609375]"
y,"[0.36523438 0.41015625 0.56054688 0.359375   0.40429688 0.4453125
 0.55859375 0.95117188 0.3515625  0.39453125 0.43945312 0.33984375
 0.38476562 0.37890625 0.41992188 0.37109375 0.41796875 0.46484375
 0.37109375 0.41601562 0.46289062 0.55664062 0.3671875  0.4140625
 0.45898438 0.56054688 0.36328125 0.46679688 0.42382812]"
z,"[ 0.07617188  0.08789062  0.01367188  0.1015625   0.11523438  0.13476562
  0.05664062  0.39257812  0.125       0.14257812  0.15625     0.15820312
  0.171875    0.18554688 -0.0078125   0.0078125   0.0078125   0.01953125
  0.03320312  0.03710938  0.04492188 -0.05859375  0.05664062  0.06445312
  0.07421875 -0.015625    0.36328125  0.16992188  0.27734375]"
