numObj,20
rangeIdx,[ 8  9  8  9 10 12  8  9 10  8  9  8  9  8  9 10  8  9 10 12]
range,"[0.375    0.421875 0.375    0.421875 0.46875  0.5625   0.375    0.421875
 0.46875  0.375    0.421875 0.375    0.421875 0.375    0.421875 0.46875
 0.375    0.421875 0.46875  0.5625  ]"
dopplerIdx,[ 0  0  1  1  1  1  2  2  2  3  3 -3 -3 -2 -2 -2 -1 -1 -1 -1]
doppler,"[ 0.          0.          0.12526054  0.12526054  0.12526054  0.12526054
  0.25052108  0.25052108  0.25052108  0.37578163  0.37578163 -0.37578163
 -0.37578163 -0.25052108 -0.25052108 -0.25052108 -0.12526054 -0.12526054
 -0.12526054 -0.12526054]"
peakVal,"[ 30  43 181 259 128  28  61  88  44  12  17  10  14  43  60  30 132 188
  93  20]"
x,"[-0.08203125 -0.09179688 -0.08203125 -0.09179688 -0.08789062 -0.10546875
 -0.09375    -0.10546875 -0.1171875  -0.09375    -0.09179688 -0.08203125
 -0.08007812 -0.0703125  -0.08007812 -0.08789062 -0.08203125 -0.09179688
 -0.10351562 -0.10546875]"
y,"[0.36523438 0.41015625 0.36132812 0.40429688 0.45117188 0.54101562
 0.35351562 0.39648438 0.44140625 0.33789062 0.39257812 0.36132812
 0.4140625  0.36914062 0.4140625  0.4609375  0.36523438 0.41210938
 0.45703125 0.55078125]"
z,"[ 0.03320312  0.04492188  0.0625      0.07421875  0.08984375  0.11328125
  0.08007812  0.09765625  0.109375    0.1328125   0.12304688 -0.05664062
 -0.02929688 -0.00195312 -0.00585938  0.          0.015625    0.02148438
  0.02539062  0.0546875 ]"
