numObj,23
rangeIdx,[ 8  9 10  8  9 10 12  8  9 10  8  9  8  9  8  9 10  8  9 10 12 12 12]
range,"[0.375    0.421875 0.46875  0.375    0.421875 0.46875  0.5625   0.375
 0.421875 0.46875  0.375    0.421875 0.375    0.421875 0.375    0.421875
 0.46875  0.375    0.421875 0.46875  0.5625   0.5625   0.5625  ]"
dopplerIdx,[ 0  0  0  1  1  1  1  2  2  2  3  3 -3 -3 -2 -2 -2 -1 -1 -1 -1  1 -1]
doppler,"[ 0.          0.          0.          0.12526054  0.12526054  0.12526054
  0.12526054  0.25052108  0.25052108  0.25052108  0.37578163  0.37578163
 -0.37578163 -0.37578163 -0.25052108 -0.25052108 -0.25052108 -0.12526054
 -0.12526054 -0.12526054 -0.12526054  0.12526054 -0.12526054]"
peakVal,"[ 29  40  20 199 272 140  20  69  95  48  13  17  11  15  50  68  34 151
 207 105  14  15  11]"
x,"[ 0.03515625  0.05273438  0.04492188  0.03515625  0.0390625   0.04492188
  0.03515625  0.03515625  0.0390625   0.04492188  0.0234375   0.02734375
  0.03515625  0.0390625   0.046875    0.05273438  0.04492188  0.03515625
  0.0390625   0.04492188  0.03515625 -0.19335938 -0.19335938]"
y,"[0.37109375 0.41601562 0.46484375 0.3671875  0.4140625  0.4609375
 0.56054688 0.36328125 0.40820312 0.45507812 0.35742188 0.3984375
 0.37304688 0.41992188 0.37304688 0.41796875 0.46679688 0.37304688
 0.41992188 0.46679688 0.55664062 0.5234375  0.52734375]"
z,"[ 0.04101562  0.046875    0.04296875  0.06445312  0.07421875  0.07617188
  0.          0.08789062  0.1015625   0.10351562  0.109375    0.13671875
 -0.02734375 -0.02734375 -0.00390625 -0.00585938 -0.01757812  0.01953125
  0.02148438  0.01757812 -0.078125    0.07617188  0.        ]"
