numObj,16
rangeIdx,[ 8  9 10 12 22  8  9 10  8  9  8  9  8  9 10 12]
range,"[0.375    0.421875 0.46875  0.5625   1.03125  0.375    0.421875 0.46875
 0.375    0.421875 0.375    0.421875 0.375    0.421875 0.46875  0.5625  ]"
dopplerIdx,[ 0  0  0  0  0  1  1  1  2  2 -2 -2 -1 -1 -1  0]
doppler,"[ 0.          0.          0.          0.          0.          0.12526054
  0.12526054  0.12526054  0.25052108  0.25052108 -0.25052108 -0.25052108
 -0.12526054 -0.12526054 -0.12526054  0.        ]"
peakVal,[ 79  98  44  10   9  86 107  48  32  40  29  36  82 103  45   6]
x,"[0.046875   0.05273438 0.05859375 0.03515625 0.09765625 0.046875
 0.05273438 0.05859375 0.03515625 0.0390625  0.03515625 0.0390625
 0.046875   0.05273438 0.05859375 0.24609375]"
y,"[0.36523438 0.41015625 0.45507812 0.56054688 0.95117188 0.36328125
 0.40625    0.45117188 0.35546875 0.40429688 0.37109375 0.41796875
 0.3671875  0.41210938 0.45703125 0.38867188]"
z,"[0.07226562 0.0859375  0.09570312 0.0078125  0.38671875 0.08398438
 0.09765625 0.11523438 0.11132812 0.11523438 0.03710938 0.05078125
 0.06445312 0.07421875 0.0859375  0.32421875]"
