numObj,19
rangeIdx,[21 22 20 21 22 23 21 22 20 21 22 23 20 21 22 23 23 23 23]
range,"[0.984375 1.03125  0.9375   0.984375 1.03125  1.078125 0.984375 1.03125
 0.9375   0.984375 1.03125  1.078125 0.9375   0.984375 1.03125  1.078125
 1.078125 1.078125 1.078125]"
dopplerIdx,[ 0  0  1  1  1  1  2  2 -2 -2 -2 -2 -1 -1 -1 -1  1 -2 -1]
doppler,"[ 0.          0.          0.12526054  0.12526054  0.12526054  0.12526054
  0.25052108  0.25052108 -0.25052108 -0.25052108 -0.25052108 -0.25052108
 -0.12526054 -0.12526054 -0.12526054 -0.12526054  0.12526054 -0.25052108
 -0.12526054]"
peakVal,[11 12 20 62 68 30 20 22  8 26 29 13 25 80 86 37 18  8 24]
x,"[ 0.          0.          0.         -0.03125     0.         -0.03320312
  0.          0.          0.          0.          0.          0.
  0.          0.          0.03320312  0.         -0.47265625  0.5390625
 -0.4375    ]"
y,"[0.98046875 1.02734375 0.93554688 0.98242188 1.03125    1.07617188
 0.984375   1.02929688 0.90234375 0.95898438 1.00976562 1.0703125
 0.921875   0.97265625 1.0234375  1.078125   0.9609375  0.90039062
 0.97265625]"
z,"[-0.09570312 -0.0859375  -0.0625     -0.0390625  -0.0078125   0.0703125
  0.03710938  0.07617188 -0.2578125  -0.22265625 -0.20703125 -0.13476562
 -0.17382812 -0.1484375  -0.12695312 -0.03710938  0.13476562  0.25
  0.15039062]"
