numObj,2
rangeIdx,[56 56]
range,[2.625 2.625]
dopplerIdx,[-1 -1]
doppler,[-0.12526054 -0.12526054]
peakVal,[7 4]
x,[1.1484375 0.328125 ]
y,[0.         2.58789062]
z,[2.51953125 0.30273438]
