numObj,34
rangeIdx,"[20 21 22 23 20 21 22 23 20 21 22 23 21 22 21 22 20 21 22 23 15 16 20 21
 22 23 23 23 22 23 23 15 16 23]"
range,"[0.9375   0.984375 1.03125  1.078125 0.9375   0.984375 1.03125  1.078125
 0.9375   0.984375 1.03125  1.078125 0.984375 1.03125  0.984375 1.03125
 0.9375   0.984375 1.03125  1.078125 0.703125 0.75     0.9375   0.984375
 1.03125  1.078125 1.078125 1.078125 1.03125  1.078125 1.078125 0.703125
 0.75     1.078125]"
dopplerIdx,"[ 0  0  0  0  1  1  1  1  2  2  2  2  3  3 -3 -3 -2 -2 -2 -2 -1 -1 -1 -1
 -1 -1  0  1  2  2 -2 -1 -1 -1]"
doppler,"[ 0.          0.          0.          0.          0.12526054  0.12526054
  0.12526054  0.12526054  0.25052108  0.25052108  0.25052108  0.25052108
  0.37578163  0.37578163 -0.37578163 -0.37578163 -0.25052108 -0.25052108
 -0.25052108 -0.25052108 -0.12526054 -0.12526054 -0.12526054 -0.12526054
 -0.12526054 -0.12526054  0.          0.12526054  0.25052108  0.25052108
 -0.25052108 -0.12526054 -0.12526054 -0.12526054]"
peakVal,"[ 11  32  33  12  34  99 102  40  11  31  32  13   8   8   9   9  17  51
  53  19   9   7  51 150 156  58  10  31  32   9  17   5   5  49]"
x,"[ 0.          0.          0.          0.          0.          0.
 -0.03320312 -0.06835938  0.          0.          0.         -0.06835938
  0.          0.          0.          0.          0.          0.
  0.          0.         -0.61523438 -0.6796875   0.          0.
  0.         -0.03320312 -0.4375     -0.4375     -0.06445312  0.50585938
 -0.4375      0.3515625   0.375      -0.4375    ]"
y,"[0.93359375 0.98046875 1.02929688 1.078125   0.9375     0.984375
 1.03125    1.07617188 0.9375     0.984375   1.02929688 1.07617188
 0.97070312 1.01171875 0.953125   0.98828125 0.91992188 0.96484375
 1.01171875 1.06445312 0.30664062 0.31640625 0.92773438 0.97460938
 1.02148438 1.06835938 0.9765625  0.95703125 1.02929688 0.90234375
 0.984375   0.59179688 0.6484375  0.98046875]"
z,"[-0.08398438 -0.08398438 -0.07617188 -0.03125    -0.015625   -0.01367188
 -0.015625   -0.0234375   0.02734375  0.04492188  0.0625      0.03125
  0.16210938  0.203125   -0.24609375 -0.29492188 -0.18164062 -0.19921875
 -0.20507812 -0.17382812  0.1484375  -0.01953125 -0.13867188 -0.13867188
 -0.140625   -0.13671875  0.125       0.234375    0.03125     0.3046875
  0.05078125 -0.14453125  0.03320312  0.10351562]"
