numObj,34
rangeIdx,"[20 21 22 23 53 20 21 22 23 24 32 20 21 22 23 21 21 20 21 22 23 53 20 21
 22 23 24 23 23 24 23 23 23 24]"
range,"[0.9375   0.984375 1.03125  1.078125 2.484375 0.9375   0.984375 1.03125
 1.078125 1.125    1.5      0.9375   0.984375 1.03125  1.078125 0.984375
 0.984375 0.9375   0.984375 1.03125  1.078125 2.484375 0.9375   0.984375
 1.03125  1.078125 1.125    1.078125 1.078125 1.125    1.078125 1.078125
 1.078125 1.125   ]"
dopplerIdx,"[ 0  0  0  0  0  1  1  1  1  1  1  2  2  2  2  3 -3 -2 -2 -2 -2 -2 -1 -1
 -1 -1 -1  0  1  1  2 -2 -1 -1]"
doppler,"[ 0.          0.          0.          0.          0.          0.12526054
  0.12526054  0.12526054  0.12526054  0.12526054  0.12526054  0.25052108
  0.25052108  0.25052108  0.25052108  0.37578163 -0.37578163 -0.25052108
 -0.25052108 -0.25052108 -0.25052108 -0.25052108 -0.12526054 -0.12526054
 -0.12526054 -0.12526054 -0.12526054  0.          0.12526054  0.12526054
  0.25052108 -0.25052108 -0.12526054 -0.12526054]"
peakVal,"[  8  22  23   7  17  32  89  87  29  21  11  10  29  28   9   7   8  15
  44  42  14  17  45 126 122  42  31   7  29  19   9  13  41  27]"
x,"[ 0.         -0.03125    -0.03320312  0.47265625  0.         -0.02929688
  0.         -0.03320312 -0.4375     -0.52734375  1.265625    0.
 -0.03125    -0.03320312 -0.47265625  0.          0.03125     0.
  0.          0.         -0.4375     -0.078125    0.          0.
 -0.03320312 -0.4375     -0.4921875  -0.47265625 -0.1015625  -0.140625
 -0.13476562 -0.06835938 -0.06835938 -0.10546875]"
y,"[0.93554688 0.98046875 1.02929688 0.9609375  2.44140625 0.93554688
 0.984375   1.03125    0.984375   0.97460938 0.79101562 0.9375
 0.98242188 1.02929688 0.95507812 0.98046875 0.94140625 0.91015625
 0.96289062 1.00585938 0.97265625 2.48242188 0.92578125 0.97460938
 1.01953125 0.984375   1.00195312 0.96875    1.07226562 1.11523438
 1.06835938 1.03515625 1.05664062 1.11132812]"
z,"[-0.0703125  -0.07617188 -0.07226562  0.13476562  0.46484375 -0.03515625
 -0.01367188 -0.01367188  0.04101562  0.1953125   0.1484375   0.
  0.06640625  0.05664062  0.16796875  0.08398438 -0.28515625 -0.22851562
 -0.203125   -0.2265625  -0.16210938  0.08398438 -0.15234375 -0.13867188
 -0.1484375  -0.06054688  0.14257812  0.0234375  -0.05078125 -0.02929688
  0.04296875 -0.29296875 -0.20703125 -0.13671875]"
