numObj,7
rangeIdx,[55 56 54 55 56 55 56]
range,[2.578125 2.625    2.53125  2.578125 2.625    2.578125 2.625   ]
dopplerIdx,[0 0 1 1 1 2 2]
doppler,"[0.         0.         0.12526054 0.12526054 0.12526054 0.25052108
 0.25052108]"
peakVal,[11  9 10 22 19 11  9]
x,"[ 0.         -0.24609375 -0.23828125 -0.2421875  -0.1640625  -0.2421875
 -0.24609375]"
y,"[2.5625     2.6015625  2.51367188 2.56445312 2.61523438 2.56640625
 2.61328125]"
z,"[-0.28125    -0.26171875 -0.18945312 -0.11328125 -0.14648438 -0.01171875
 -0.04101562]"
