numObj,27
rangeIdx,"[21 22 52 53 20 21 22 23 24 21 22 20 21 22 23 53 20 21 22 23 24 53 23 24
 23 23 24]"
range,"[0.984375 1.03125  2.4375   2.484375 0.9375   0.984375 1.03125  1.078125
 1.125    0.984375 1.03125  0.9375   0.984375 1.03125  1.078125 2.484375
 0.9375   0.984375 1.03125  1.078125 1.125    2.484375 1.078125 1.125
 1.078125 1.078125 1.125   ]"
dopplerIdx,"[ 0  0  0  0  1  1  1  1  1  2  2 -2 -2 -2 -2 -2 -1 -1 -1 -1 -1 -1  1  1
 -2 -1 -1]"
doppler,"[ 0.          0.          0.          0.          0.12526054  0.12526054
  0.12526054  0.12526054  0.12526054  0.25052108  0.25052108 -0.25052108
 -0.25052108 -0.25052108 -0.25052108 -0.25052108 -0.12526054 -0.12526054
 -0.12526054 -0.12526054 -0.12526054 -0.12526054  0.12526054  0.12526054
 -0.25052108 -0.12526054 -0.12526054]"
peakVal,"[11 10  9 12 25 67 63 21 16 21 21 10 28 27  9 13 30 84 80 27 20 22 20 14
  9 26 18]"
x,"[ 0.          0.         -0.15234375 -0.15625     0.         -0.03125
  0.         -0.47265625 -0.4921875   0.         -0.03320312  0.
  0.          0.          0.50585938  0.          0.          0.
  0.         -0.4375     -0.4921875  -0.15625    -0.1015625  -0.10546875
 -0.47265625 -0.06835938 -0.0703125 ]"
y,"[0.98242188 1.02539062 2.42382812 2.46875    0.9375     0.984375
 1.03125    0.96875    0.99804688 0.98242188 1.02929688 0.9140625
 0.96679688 1.00976562 0.9453125  2.484375   0.92578125 0.97460938
 1.01953125 0.96679688 1.00585938 2.47851562 1.07226562 1.11914062
 0.95898438 1.05859375 1.12109375]"
z,"[-0.05078125 -0.10546875  0.21875     0.23828125 -0.0390625  -0.015625
 -0.02734375 -0.01757812  0.16210938  0.0625      0.05078125 -0.20898438
 -0.18945312 -0.2109375  -0.125      -0.0703125  -0.14648438 -0.13476562
 -0.15429688 -0.18945312  0.10546875  0.08007812 -0.02734375  0.0546875
 -0.1484375  -0.18945312 -0.06835938]"
