numObj,5
rangeIdx,[21 22 23 21 22]
range,[0.984375 1.03125  1.078125 0.984375 1.03125 ]
dopplerIdx,[ 1  1  1 -1 -1]
doppler,[ 0.12526054  0.12526054  0.12526054 -0.12526054 -0.12526054]
peakVal,[20 24 13 21 26]
x,[0. 0. 0. 0. 0.]
y,[0.98242188 1.03125    1.07617188 0.97460938 1.0234375 ]
z,[-0.04882812  0.01171875  0.06835938 -0.14257812 -0.125     ]
