numObj,2
rangeIdx,[56 56]
range,[2.625 2.625]
dopplerIdx,[-1 -1]
doppler,[-0.12526054 -0.12526054]
peakVal,[17 15]
x,[ 1.3125   -0.328125]
y,[0.         2.37695312]
z,[-2.50585938  1.06445312]
