numObj,36
rangeIdx,"[12 22 23 36 37  8  9 12 22 23 36 37  8  9 12 22 23  8  9 22 23  8  9 22
  8  9 12 22 23  8  9 12 21 22 23 36]"
range,"[0.5625   1.03125  1.078125 1.6875   1.734375 0.375    0.421875 0.5625
 1.03125  1.078125 1.6875   1.734375 0.375    0.421875 0.5625   1.03125
 1.078125 0.375    0.421875 1.03125  1.078125 0.375    0.421875 1.03125
 0.375    0.421875 0.5625   1.03125  1.078125 0.375    0.421875 0.5625
 0.984375 1.03125  1.078125 1.6875  ]"
dopplerIdx,"[ 0  0  0  0  0  1  1  1  1  1  1  1  2  2  2  2  2  3  3  3  3 -3 -3 -3
 -2 -2 -2 -2 -2 -1 -1 -1 -1 -1 -1  1]"
doppler,"[ 0.          0.          0.          0.          0.          0.12526054
  0.12526054  0.12526054  0.12526054  0.12526054  0.12526054  0.12526054
  0.25052108  0.25052108  0.25052108  0.25052108  0.25052108  0.37578163
  0.37578163  0.37578163  0.37578163 -0.37578163 -0.37578163 -0.37578163
 -0.25052108 -0.25052108 -0.25052108 -0.25052108 -0.25052108 -0.12526054
 -0.12526054 -0.12526054 -0.12526054 -0.12526054 -0.12526054  0.12526054]"
peakVal,"[ 10  94  71  12  13 442 506  51 260 204  26  27 155 177  18  96  74  27
  31  14  11  22  26   9  90 102  10  33  26 282 324  32  42 102  83  26]"
x,"[ 0.          0.          0.          0.          0.          0.
  0.          0.01757812  0.          0.          0.05273438  0.
  0.          0.          0.01757812  0.          0.          0.
  0.          0.          0.          0.          0.01367188  0.
  0.01171875  0.          0.          0.03320312  0.          0.
  0.          0.01757812  0.          0.          0.         -0.05273438]"
y,"[0.55859375 0.9921875  1.03320312 1.63476562 1.6796875  0.36523438
 0.4140625  0.55078125 0.97460938 1.01171875 1.60546875 1.66015625
 0.359375   0.40625    0.53320312 0.94726562 0.97851562 0.35351562
 0.40039062 0.90625    0.9765625  0.375      0.421875   1.02929688
 0.375      0.421875   0.5625     1.02148438 1.06835938 0.37304688
 0.41992188 0.56054688 0.96679688 1.01171875 1.05664062 1.59765625]"
z,"[ 0.0703125   0.28515625  0.31054688  0.41601562  0.43359375  0.08203125
  0.0859375   0.1171875   0.33984375  0.375       0.51757812  0.50390625
  0.10546875  0.11328125  0.17578125  0.40625     0.45507812  0.125
  0.13671875  0.4921875   0.45507812 -0.01171875 -0.0234375   0.078125
  0.00976562  0.00585938  0.          0.1328125   0.15234375  0.03515625
  0.03125     0.03125     0.18164062  0.19726562  0.21484375  0.5390625 ]"
