numObj,32
rangeIdx,"[12 22 23 36  8 12 22 23 36  8 12 22 23  8  9 22  8  8  9  8  9  8  9 22
 23  8  9 12 21 22 23 12]"
range,"[0.5625   1.03125  1.078125 1.6875   0.375    0.5625   1.03125  1.078125
 1.6875   0.375    0.5625   1.03125  1.078125 0.375    0.421875 1.03125
 0.375    0.375    0.421875 0.375    0.421875 0.375    0.421875 1.03125
 1.078125 0.375    0.421875 0.5625   0.984375 1.03125  1.078125 0.5625  ]"
dopplerIdx,"[ 0  0  0  0  1  1  1  1  1  2  2  2  2  3  3  3  4 -4 -4 -3 -3 -2 -2 -2
 -2 -1 -1 -1 -1 -1 -1 -1]"
doppler,"[ 0.          0.          0.          0.          0.12526054  0.12526054
  0.12526054  0.12526054  0.12526054  0.25052108  0.25052108  0.25052108
  0.25052108  0.37578163  0.37578163  0.37578163  0.50104217 -0.50104217
 -0.50104217 -0.37578163 -0.37578163 -0.25052108 -0.25052108 -0.25052108
 -0.25052108 -0.12526054 -0.12526054 -0.12526054 -0.12526054 -0.12526054
 -0.12526054 -0.12526054]"
peakVal,"[ 20 203 125  21 783  68 437 267  37 276  24 179 111  44  43  15  12  12
  12  32  31 121 118  28  16 387 376  33  41  81  47  17]"
x,"[ 0.03515625  0.          0.          0.          0.          0.01757812
  0.          0.          0.          0.          0.         -0.03320312
  0.          0.          0.          0.          0.          0.
  0.01367188  0.01171875  0.01367188  0.01171875  0.01367188  0.
  0.          0.01171875  0.01367188  0.01757812  0.          0.
  0.          0.26367188]"
y,"[0.546875   0.99414062 1.046875   1.57421875 0.3671875  0.54101562
 0.97460938 1.02539062 1.51367188 0.36132812 0.53125    0.95117188
 1.00390625 0.3515625  0.40039062 0.91601562 0.34179688 0.37304688
 0.41796875 0.375      0.421875   0.375      0.421875   1.01953125
 1.06640625 0.37304688 0.421875   0.5546875  0.953125   1.0078125
 1.0546875  0.49023438]"
z,"[ 0.12890625  0.27148438  0.25976562  0.609375    0.08007812  0.15625
  0.33789062  0.33203125  0.74414062  0.10351562  0.18554688  0.40039062
  0.39453125  0.12890625  0.13476562  0.47265625  0.15429688 -0.04296875
 -0.05273438 -0.01367188 -0.02148438  0.00585938 -0.00195312  0.15234375
  0.15820312  0.03125     0.02539062  0.08789062  0.24414062  0.21875
  0.2265625   0.07617188]"
