numObj,17
rangeIdx,[9 1 2 8 9 2 9 1 2 8 9 9 8 9 9 8 9]
range,"[0.421875 0.046875 0.09375  0.375    0.421875 0.09375  0.421875 0.046875
 0.09375  0.375    0.421875 0.421875 0.375    0.421875 0.421875 0.375
 0.421875]"
dopplerIdx,[ 0  1  1  1  1  2 -2 -1 -1 -1 -1  0  1  1 -2 -1 -1]
doppler,"[ 0.          0.12526054  0.12526054  0.12526054  0.12526054  0.25052108
 -0.25052108 -0.12526054 -0.12526054 -0.12526054 -0.12526054  0.
  0.12526054  0.12526054 -0.25052108 -0.12526054 -0.12526054]"
peakVal,[ 6 75 74 13 17 25  6 56 56 14 16  4 12 16  5 13 14]
x,"[ 0.         -0.00390625 -0.00976562 -0.17578125  0.3828125  -0.00585938
 -0.2109375  -0.00390625 -0.00976562 -0.03515625 -0.19726562  0.14453125
  0.36328125 -0.22460938  0.39648438 -0.17578125  0.40820312]"
y,"[0.40820312 0.04101562 0.0859375  0.10742188 0.15820312 0.08007812
 0.         0.04492188 0.08984375 0.37304688 0.         0.19921875
 0.06640625 0.16210938 0.14453125 0.         0.10351562]"
z,"[ 0.109375    0.01953125  0.03710938 -0.3125      0.08007812  0.04882812
  0.41015625  0.015625    0.02539062  0.00976562 -0.40234375 -0.34375
  0.06445312 -0.31835938 -0.02929688 -0.3515625   0.01171875]"
