numObj,14
rangeIdx,[12 12 13 12 13 12 13 14 12 13 12 13 12 13]
range,"[0.5625   0.5625   0.609375 0.5625   0.609375 0.5625   0.609375 0.65625
 0.5625   0.609375 0.5625   0.609375 0.5625   0.609375]"
dopplerIdx,[ 0  1  1 -2 -2 -1 -1 -1  1  1 -2 -2 -1 -1]
doppler,"[ 0.          0.12526054  0.12526054 -0.25052108 -0.25052108 -0.12526054
 -0.12526054 -0.12526054  0.12526054  0.12526054 -0.25052108 -0.25052108
 -0.12526054 -0.12526054]"
peakVal,[ 5 14 16  8  8 22 24 26 14 12  5  7 14 19]
x,"[-0.52734375  0.2109375  -0.4375     -0.52734375 -0.4375     -0.50976562
 -0.41992188 -0.45117188 -0.52734375 -0.609375    0.22851562 -0.609375
  0.22851562 -0.609375  ]"
y,"[0.19335938 0.49023438 0.36328125 0.18359375 0.40429688 0.23828125
 0.4140625  0.46875    0.18359375 0.         0.5        0.
 0.4921875  0.        ]"
z,"[ 0.02734375  0.17578125  0.21875    -0.06640625  0.12304688 -0.00390625
  0.15820312  0.08398438  0.0703125  -0.08984375  0.11914062 -0.2421875
  0.15039062 -0.19335938]"
