numObj,4
rangeIdx,[8 9 8 9]
range,[0.375    0.421875 0.375    0.421875]
dopplerIdx,[ 1  1 -1 -1]
doppler,[ 0.12526054  0.12526054 -0.12526054 -0.12526054]
peakVal,[24 28 24 27]
x,[-0.03515625 -0.0390625  -0.0234375  -0.02734375]
y,[0.36132812 0.40625    0.37304688 0.41992188]
z,[0.09179688 0.10742188 0.0390625  0.04296875]
