numObj,9
rangeIdx,[12 13 12 13 14 28 29 12 12]
range,"[0.5625   0.609375 0.5625   0.609375 0.65625  1.3125   1.359375 0.5625
 0.5625  ]"
dopplerIdx,[ 1  1 -1 -1 -1 -1 -1  1 -1]
doppler,"[ 0.12526054  0.12526054 -0.12526054 -0.12526054 -0.12526054 -0.12526054
 -0.12526054  0.12526054 -0.12526054]"
peakVal,[ 8 12 11 19 15 17 17  7  8]
x,"[-0.12304688 -0.4375     -0.10546875 -0.40039062 -0.45117188  0.4921875
  0.55273438  0.43945312  0.47460938]"
y,"[0.54882812 0.41992188 0.55078125 0.45898438 0.4765625  1.2109375
 1.23632812 0.33007812 0.30078125]"
z,"[ 0.01367188  0.04882812 -0.03515625 -0.03515625 -0.03125     0.12695312
  0.11132812  0.11914062 -0.03515625]"
