numObj,16
rangeIdx,[ 8  9 12 21 22  8  9 21 22  8  9  8  9 12 12 12]
range,"[0.375    0.421875 0.5625   0.984375 1.03125  0.375    0.421875 0.984375
 1.03125  0.375    0.421875 0.375    0.421875 0.5625   0.5625   0.5625  ]"
dopplerIdx,[ 1  1  1  1  1  2  2  2  2 -2 -2 -1 -1 -1  1 -1]
doppler,"[ 0.12526054  0.12526054  0.12526054  0.12526054  0.12526054  0.25052108
  0.25052108  0.25052108  0.25052108 -0.25052108 -0.25052108 -0.12526054
 -0.12526054 -0.12526054  0.12526054 -0.12526054]"
peakVal,[103 116  22  37  35  35  40  14  12  31  35  91 102  16  14  11]
x,"[ 0.          0.          0.3515625  -0.12304688 -0.09765625  0.
  0.         -0.09179688 -0.12890625  0.01171875  0.01367188  0.01171875
  0.01367188  0.3515625   0.0703125   0.05273438]"
y,"[0.3671875  0.4140625  0.43164062 0.93554688 0.98632812 0.359375
 0.41015625 0.91015625 0.94335938 0.375      0.421875   0.37304688
 0.421875   0.43945312 0.5078125  0.5390625 ]"
z,"[0.08007812 0.078125   0.07617188 0.27929688 0.28515625 0.10742188
 0.09765625 0.36523438 0.39648438 0.0078125  0.00390625 0.03320312
 0.0234375  0.00976562 0.23242188 0.1484375 ]"
