numObj,17
rangeIdx,[12 13 14 15 13 12 12 13 14 15 12 14 15 13 13 14 15]
range,"[0.5625   0.609375 0.65625  0.703125 0.609375 0.5625   0.5625   0.609375
 0.65625  0.703125 0.5625   0.65625  0.703125 0.609375 0.609375 0.65625
 0.703125]"
dopplerIdx,[ 0  0  0  0  1 -2 -1 -1 -1 -1  0  0  0  1 -1 -1 -1]
doppler,"[ 0.          0.          0.          0.          0.12526054 -0.25052108
 -0.12526054 -0.12526054 -0.12526054 -0.12526054  0.          0.
  0.          0.12526054 -0.12526054 -0.12526054 -0.12526054]"
peakVal,[ 11  14  31  57   7  16  24  26  63 108   6  17  39   5  17  35  78]
x,"[0.45703125 0.32421875 0.41015625 0.484375   0.40039062 0.45703125
 0.43945312 0.36132812 0.41015625 0.484375   0.22851562 0.1640625
 0.2421875  0.15234375 0.1328125  0.18554688 0.2421875 ]"
y,"[0.3046875  0.34570312 0.         0.18554688 0.40625    0.32421875
 0.3359375  0.39648438 0.         0.         0.         0.6171875
 0.66015625 0.3359375  0.359375   0.58789062 0.66015625]"
z,"[ 0.12304688  0.3828125   0.62695312 -0.4765625   0.21484375  0.046875
  0.09960938  0.28710938  0.52929688 -0.52734375  0.56054688 -0.1484375
  0.02539062 -0.484375   -0.47460938 -0.2265625  -0.00976562]"
