numObj,35
rangeIdx,"[12 13 15 16 12 14 15 16 17 12 13 14 15 16 17 12 13 22 11 12 13 12 13 15
 16 12 14 15 16 17 14 15 16 17 22]"
range,"[0.5625   0.609375 0.703125 0.75     0.5625   0.65625  0.703125 0.75
 0.796875 0.5625   0.609375 0.65625  0.703125 0.75     0.796875 0.5625
 0.609375 1.03125  0.515625 0.5625   0.609375 0.5625   0.609375 0.703125
 0.75     0.5625   0.65625  0.703125 0.75     0.796875 0.65625  0.703125
 0.75     0.796875 1.03125 ]"
dopplerIdx,"[ 0  0  0  0  1  1  1  1  1  2  2  2  2  2  2  3  3  3  4  4  4 -1  0  0
  0  1  1  1  1  1  2  2  2  2  3]"
doppler,"[ 0.          0.          0.          0.          0.12526054  0.12526054
  0.12526054  0.12526054  0.12526054  0.25052108  0.25052108  0.25052108
  0.25052108  0.25052108  0.25052108  0.37578163  0.37578163  0.37578163
  0.50104217  0.50104217  0.50104217 -0.12526054  0.          0.
  0.          0.12526054  0.12526054  0.12526054  0.12526054  0.12526054
  0.25052108  0.25052108  0.25052108  0.25052108  0.37578163]"
peakVal,"[ 19   9  33  42  21  20  71  95  59 151  76  22  58  88  61 194  98  28
  55  72  38   7   5  25  30  16  19  60  75  51  16  47  77  61  24]"
x,"[-0.36914062 -0.40039062 -0.2421875  -0.2578125  -0.36914062 -0.2265625
 -0.2421875  -0.28125    -0.32421875 -0.36914062 -0.41992188 -0.45117188
 -0.26367188 -0.28125    -0.59765625 -0.36914062 -0.41992188  0.80664062
 -0.35546875 -0.38671875 -0.41992188 -0.36914062  0.55273438  0.
 -0.0234375  -0.17578125  0.          0.         -0.5390625  -0.59765625
 -0.2265625   0.         -0.5390625  -0.32421875 -0.67773438]"
y,"[0.421875   0.45117188 0.64453125 0.69140625 0.421875   0.59375
 0.63671875 0.67578125 0.71875    0.40625    0.41601562 0.20507812
 0.6171875  0.66796875 0.         0.390625   0.40234375 0.
 0.32617188 0.3515625  0.3828125  0.42382812 0.         0.55664062
 0.55859375 0.53515625 0.546875   0.56445312 0.         0.
 0.59570312 0.58398438 0.         0.71679688 0.        ]"
z,"[ 0.05078125  0.08984375  0.14648438  0.1328125   0.04492188  0.1640625
  0.17578125  0.1640625   0.11914062  0.12304688  0.15039062 -0.4296875
  0.20898438  0.1953125  -0.625       0.16601562  0.18554688 -0.72070312
  0.18554688  0.20703125  0.22265625  0.015625   -0.46679688 -0.4296875
 -0.5        -0.01367188 -0.36328125 -0.41796875 -0.61914062 -0.65039062
  0.15429688 -0.390625   -0.546875    0.125      -0.8125    ]"
