numObj,10
rangeIdx,[11 12 13 11 12 13 11 12 13 12]
range,"[0.515625 0.5625   0.609375 0.515625 0.5625   0.609375 0.515625 0.5625
 0.609375 0.5625  ]"
dopplerIdx,[ 0  0  0 -2 -2 -2 -1 -1 -1 -2]
doppler,"[ 0.          0.          0.         -0.25052108 -0.25052108 -0.25052108
 -0.12526054 -0.12526054 -0.12526054 -0.25052108]"
peakVal,[ 73  51  12  67  45  11 134  90  22  45]
x,"[0.40234375 0.47460938 0.49609375 0.41992188 0.45703125 0.51367188
 0.41992188 0.47460938 0.53320312 0.4921875 ]"
y,"[0.26757812 0.234375   0.32226562 0.2734375  0.30859375 0.32421875
 0.2578125  0.25976562 0.28515625 0.24023438]"
z,"[0.1796875  0.18945312 0.1484375  0.125      0.11132812 0.0390625
 0.15429688 0.15429688 0.078125   0.12890625]"
