numObj,12
rangeIdx,[20 21 22 23 21 22 21 22 20 21 22 23]
range,"[0.9375   0.984375 1.03125  1.078125 0.984375 1.03125  0.984375 1.03125
 0.9375   0.984375 1.03125  1.078125]"
dopplerIdx,[ 1  1  1  1  2  2 -2 -2 -1 -1 -1 -1]
doppler,"[ 0.12526054  0.12526054  0.12526054  0.12526054  0.25052108  0.25052108
 -0.25052108 -0.25052108 -0.12526054 -0.12526054 -0.12526054 -0.12526054]"
peakVal,[10 37 42 21 11 13 14 17 12 41 50 24]
x,[0. 0. 0. 0. 0. 0. 0. 0. 0. 0. 0. 0.]
y,"[0.93554688 0.984375   1.03125    1.07421875 0.984375   1.03125
 0.96289062 1.01367188 0.91992188 0.97265625 1.0234375  1.078125  ]"
z,"[-0.07421875 -0.03710938 -0.00195312  0.09765625 -0.00390625  0.03710938
 -0.20898438 -0.18945312 -0.17578125 -0.15429688 -0.12695312 -0.0390625 ]"
