numObj,36
rangeIdx,"[20 21 22 23 24 20 21 22 23 30 31 32 20 21 22 21 22 21 22 20 21 22 23 15
 20 21 22 23 24 23 24 23 23 15 23 24]"
range,"[0.9375   0.984375 1.03125  1.078125 1.125    0.9375   0.984375 1.03125
 1.078125 1.40625  1.453125 1.5      0.9375   0.984375 1.03125  0.984375
 1.03125  0.984375 1.03125  0.9375   0.984375 1.03125  1.078125 0.703125
 0.9375   0.984375 1.03125  1.078125 1.125    1.078125 1.125    1.078125
 1.078125 0.703125 1.078125 1.125   ]"
dopplerIdx,"[ 0  0  0  0  0  1  1  1  1  1  1  1  2  2  2  3  3 -3 -3 -2 -2 -2 -2 -1
 -1 -1 -1 -1 -1  0  0  1 -2 -1 -1 -1]"
doppler,"[ 0.          0.          0.          0.          0.          0.12526054
  0.12526054  0.12526054  0.12526054  0.12526054  0.12526054  0.12526054
  0.25052108  0.25052108  0.25052108  0.37578163  0.37578163 -0.37578163
 -0.37578163 -0.25052108 -0.25052108 -0.25052108 -0.25052108 -0.12526054
 -0.12526054 -0.12526054 -0.12526054 -0.12526054 -0.12526054  0.
  0.          0.12526054 -0.25052108 -0.12526054 -0.12526054 -0.12526054]"
peakVal,"[ 26  62  51  10   9  57 134 108  22  19  17  16  18  42  34  11   9  14
  11  34  83  68  13   9  99 236 195  38  32   8   7  16  11   8  30  29]"
x,"[-0.02929688 -0.03125    -0.03320312  0.47265625 -0.10546875 -0.02929688
 -0.03125    -0.06445312  0.4375      1.01171875  1.04492188  1.21875
 -0.05859375 -0.0625     -0.06445312 -0.0625     -0.06445312  0.
  0.          0.          0.          0.          0.50585938  0.41796875
  0.          0.         -0.03320312  0.50585938 -0.0703125  -0.13476562
 -0.52734375 -0.06835938 -0.1015625  -0.63671875 -0.06835938 -0.4921875 ]"
y,"[0.93359375 0.98046875 1.02539062 0.94726562 1.07617188 0.9375
 0.984375   1.02929688 0.984375   0.85546875 0.92578125 0.84375
 0.93554688 0.98046875 1.02929688 0.98046875 1.02734375 0.95117188
 0.97070312 0.9140625  0.96484375 1.00390625 0.90234375 0.55664062
 0.92578125 0.9765625  1.015625   0.91796875 1.10546875 1.03320312
 0.96484375 1.02148438 0.97265625 0.2890625  0.98046875 0.9375    ]"
z,"[-0.07421875 -0.07421875 -0.109375   -0.20898438  0.31054688 -0.03125
 -0.00976562 -0.04296875 -0.01171875  0.47460938  0.40429688  0.23046875
  0.015625    0.04882812  0.02539062  0.05273438  0.06835938 -0.25390625
 -0.34765625 -0.20898438 -0.19140625 -0.23632812 -0.3046875   0.09960938
 -0.14648438 -0.13085938 -0.171875   -0.25585938  0.19921875 -0.27929688
 -0.23828125 -0.3359375  -0.45507812 -0.07226562 -0.4453125  -0.38085938]"
