numObj,3
rangeIdx,[56 55 56]
range,[2.625    2.578125 2.625   ]
dopplerIdx,[ 0 -1 -1]
doppler,[ 0.         -0.12526054 -0.12526054]
peakVal,[ 7 12 13]
x,[-0.24609375 -0.16210938 -0.24609375]
y,[2.5546875  2.55859375 2.60742188]
z,[0.55078125 0.2734375  0.19335938]
